,f_1,f_2,f_3,f_4
0,259.0,3.0,585.95,0.6186193485658726
1,441.0,10.0,1506.95,0.5997497254181746
2,259.0,3.0,585.95,0.6186193485658726
3,401.0,3.0,754.15,0.6186193485658726
4,402.0,4.0,835.45,0.6377410468319559
5,309.0,1.0,496.15,0.47478348547867266
6,441.0,10.0,1506.95,0.5997497254181746
7,309.0,1.0,496.15,0.47478348547867266
8,394.0,2.0,672.15,0.5720664758097913
9,402.0,4.0,835.45,0.6377410468319559
10,355.0,0.0,420.5,0.34227299735321126
11,440.0,9.0,1428.25,0.6377410468319559
12,355.0,0.0,420.5,0.34227299735321126
13,384.0,1.0,596.15,0.5165109202542357
14,402.0,4.0,835.45,0.6377410468319559
15,355.0,0.0,420.5,0.34227299735321126
16,440.0,9.0,1428.25,0.6377410468319559
17,355.0,0.0,420.5,0.34227299735321126
18,385.0,0.0,588.0,0.4192279299231171
19,402.0,4.0,835.45,0.6377410468319559
20,355.0,0.0,420.5,0.34227299735321126
21,440.0,9.0,1428.25,0.6377410468319559
22,355.0,0.0,420.5,0.34227299735321126
23,385.0,0.0,588.0,0.4192279299231171
24,402.0,4.0,835.45,0.6377410468319559
25,355.0,0.0,420.5,0.34227299735321126
26,440.0,9.0,1428.25,0.6377410468319559
27,355.0,0.0,420.5,0.34227299735321126
28,385.0,0.0,588.0,0.4192279299231171
29,402.0,4.0,835.45,0.6377410468319559
30,401.0,3.0,754.15,0.6186193485658726
31,441.0,10.0,1506.95,0.5997497254181746
32,402.0,4.0,835.45,0.6377410468319559
33,401.0,3.0,754.15,0.6186193485658726
34,402.0,4.0,835.45,0.6377410468319559
35,338.0,2.0,671.8,0.5720664758097913
36,439.0,8.0,1346.95,0.6377410468319559
37,338.0,2.0,671.8,0.5720664758097913
38,394.0,2.0,672.15,0.5720664758097913
39,402.0,4.0,835.45,0.6377410468319559
40,369.0,1.0,512.4,0.4395559876843299
41,434.0,5.0,1085.55,0.6142530474081276
42,369.0,1.0,512.4,0.4395559876843299
43,399.0,1.0,679.9,0.5165109202542357
44,402.0,4.0,835.45,0.6377410468319559
45,370.0,0.0,504.25,0.4192279299231171
46,434.0,4.0,1009.4,0.6186193485658726
47,370.0,0.0,504.25,0.4192279299231171
48,400.0,0.0,671.75,0.4192279299231171
49,402.0,4.0,835.45,0.6377410468319559
50,370.0,0.0,504.25,0.4192279299231171
51,434.0,4.0,1009.4,0.6186193485658726
52,370.0,0.0,504.25,0.4192279299231171
53,400.0,0.0,671.75,0.4192279299231171
54,402.0,4.0,835.45,0.6377410468319559
55,370.0,0.0,504.25,0.4192279299231171
56,434.0,4.0,1009.4,0.6186193485658726
57,370.0,0.0,504.25,0.4192279299231171
58,400.0,0.0,671.75,0.4192279299231171
59,402.0,4.0,835.45,0.6377410468319559
60,401.0,3.0,754.15,0.6186193485658726
61,431.0,3.0,921.65,0.6186193485658726
62,402.0,4.0,835.45,0.6377410468319559
63,401.0,3.0,754.15,0.6186193485658726
64,402.0,4.0,835.45,0.6377410468319559
65,385.0,2.0,674.85,0.5720664758097913
66,424.0,2.0,839.65,0.5720664758097913
67,402.0,4.0,835.45,0.6377410468319559
68,394.0,2.0,672.15,0.5720664758097913
69,402.0,4.0,835.45,0.6377410468319559
70,399.0,1.0,679.9,0.5165109202542357
71,424.0,2.0,839.65,0.5720664758097913
72,402.0,2.0,746.0,0.521336358234754
73,399.0,1.0,679.9,0.5165109202542357
74,402.0,4.0,835.45,0.6377410468319559
75,400.0,0.0,671.75,0.4192279299231171
76,424.0,2.0,839.65,0.5720664758097913
77,400.0,0.0,671.75,0.4192279299231171
78,400.0,0.0,671.75,0.4192279299231171
79,402.0,4.0,835.45,0.6377410468319559
80,400.0,0.0,671.75,0.4192279299231171
81,424.0,2.0,839.65,0.5720664758097913
82,400.0,0.0,671.75,0.4192279299231171
83,400.0,0.0,671.75,0.4192279299231171
84,402.0,4.0,835.45,0.6377410468319559
85,400.0,0.0,671.75,0.4192279299231171
86,424.0,2.0,839.65,0.5720664758097913
87,400.0,0.0,671.75,0.4192279299231171
88,400.0,0.0,671.75,0.4192279299231171
89,402.0,4.0,835.45,0.6377410468319559
90,401.0,3.0,754.15,0.6186193485658726
91,431.0,3.0,921.65,0.6186193485658726
92,402.0,4.0,835.45,0.6377410468319559
93,401.0,3.0,754.15,0.6186193485658726
94,402.0,4.0,835.45,0.6377410468319559
95,394.0,2.0,672.15,0.5720664758097913
96,436.0,5.0,1094.6,0.6377410468319559
97,402.0,4.0,835.45,0.6377410468319559
98,394.0,2.0,672.15,0.5720664758097913
99,402.0,4.0,835.45,0.6377410468319559
100,399.0,1.0,679.9,0.5165109202542357
101,436.0,5.0,1094.6,0.6377410468319559
102,431.0,3.0,921.65,0.6186193485658726
103,399.0,1.0,679.9,0.5165109202542357
104,402.0,4.0,835.45,0.6377410468319559
105,400.0,0.0,671.75,0.4192279299231171
106,436.0,5.0,1094.6,0.6377410468319559
107,431.0,3.0,921.65,0.6186193485658726
108,400.0,0.0,671.75,0.4192279299231171
109,402.0,4.0,835.45,0.6377410468319559
110,400.0,0.0,671.75,0.4192279299231171
111,436.0,5.0,1094.6,0.6377410468319559
112,431.0,3.0,921.65,0.6186193485658726
113,400.0,0.0,671.75,0.4192279299231171
114,402.0,4.0,835.45,0.6377410468319559
115,400.0,0.0,671.75,0.4192279299231171
116,436.0,5.0,1094.6,0.6377410468319559
117,431.0,3.0,921.65,0.6186193485658726
118,400.0,0.0,671.75,0.4192279299231171
119,402.0,4.0,835.45,0.6377410468319559
120,401.0,3.0,754.15,0.6186193485658726
121,441.0,10.0,1506.95,0.5997497254181746
122,402.0,4.0,835.45,0.6377410468319559
123,401.0,3.0,754.15,0.6186193485658726
124,402.0,4.0,835.45,0.6377410468319559
125,394.0,2.0,672.15,0.5720664758097913
126,441.0,10.0,1506.95,0.5997497254181746
127,403.0,4.0,839.35,0.6377410468319559
128,394.0,2.0,672.15,0.5720664758097913
129,402.0,4.0,835.45,0.6377410468319559
130,399.0,1.0,679.9,0.5165109202542357
131,441.0,10.0,1506.95,0.5997497254181746
132,437.0,6.0,1173.3,0.6377410468319559
133,399.0,1.0,679.9,0.5165109202542357
134,402.0,4.0,835.45,0.6377410468319559
135,400.0,0.0,671.75,0.4192279299231171
136,441.0,10.0,1506.95,0.5997497254181746
137,437.0,6.0,1173.3,0.6377410468319559
138,400.0,0.0,671.75,0.4192279299231171
139,402.0,4.0,835.45,0.6377410468319559
140,400.0,0.0,671.75,0.4192279299231171
141,441.0,10.0,1506.95,0.5997497254181746
142,437.0,6.0,1173.3,0.6377410468319559
143,400.0,0.0,671.75,0.4192279299231171
144,402.0,4.0,835.45,0.6377410468319559
145,400.0,0.0,671.75,0.4192279299231171
146,441.0,10.0,1506.95,0.5997497254181746
147,437.0,6.0,1173.3,0.6377410468319559
148,400.0,0.0,671.75,0.4192279299231171
149,402.0,4.0,835.45,0.6377410468319559
150,401.0,3.0,754.15,0.6186193485658726
151,441.0,10.0,1506.95,0.5997497254181746
152,402.0,4.0,835.45,0.6377410468319559
153,401.0,3.0,754.15,0.6186193485658726
154,402.0,4.0,835.45,0.6377410468319559
155,394.0,2.0,672.15,0.5720664758097913
156,441.0,10.0,1506.95,0.5997497254181746
157,403.0,4.0,839.35,0.6377410468319559
158,394.0,2.0,672.15,0.5720664758097913
159,402.0,4.0,835.45,0.6377410468319559
160,399.0,1.0,679.9,0.5165109202542357
161,441.0,10.0,1506.95,0.5997497254181746
162,441.0,10.0,1506.95,0.6121284142674517
163,399.0,1.0,679.9,0.5165109202542357
164,402.0,4.0,835.45,0.6377410468319559
165,400.0,0.0,671.75,0.4192279299231171
166,441.0,10.0,1506.95,0.5997497254181746
167,441.0,10.0,1506.95,0.5997497254181746
168,400.0,0.0,671.75,0.4192279299231171
169,402.0,4.0,835.45,0.6377410468319559
170,400.0,0.0,671.75,0.4192279299231171
171,441.0,10.0,1506.95,0.5997497254181746
172,441.0,10.0,1506.95,0.5997497254181746
173,400.0,0.0,671.75,0.4192279299231171
174,402.0,4.0,835.45,0.6377410468319559
175,400.0,0.0,671.75,0.4192279299231171
176,441.0,10.0,1506.95,0.5997497254181746
177,441.0,10.0,1506.95,0.5997497254181746
178,400.0,0.0,671.75,0.4192279299231171
179,402.0,4.0,835.45,0.6377410468319559
180,259.0,3.0,585.95,0.6186193485658726
181,441.0,10.0,1506.95,0.5997497254181746
182,259.0,3.0,585.95,0.6186193485658726
183,402.0,4.0,835.45,0.6377410468319559
184,402.0,4.0,835.45,0.6377410468319559
185,309.0,1.0,496.15,0.47478348547867266
186,441.0,10.0,1506.95,0.5997497254181746
187,309.0,1.0,496.15,0.47478348547867266
188,401.0,3.0,754.15,0.6186193485658726
189,402.0,4.0,835.45,0.6377410468319559
190,355.0,0.0,420.5,0.34227299735321126
191,440.0,9.0,1428.25,0.6377410468319559
192,355.0,0.0,420.5,0.34227299735321126
193,384.0,1.0,596.15,0.4967230234609914
194,402.0,4.0,835.45,0.6377410468319559
195,355.0,0.0,420.5,0.34227299735321126
196,440.0,9.0,1428.25,0.6377410468319559
197,355.0,0.0,420.5,0.34227299735321126
198,385.0,0.0,588.0,0.4192279299231171
199,402.0,4.0,835.45,0.6377410468319559
200,355.0,0.0,420.5,0.34227299735321126
201,440.0,9.0,1428.25,0.6377410468319559
202,355.0,0.0,420.5,0.34227299735321126
203,385.0,0.0,588.0,0.4192279299231171
204,402.0,4.0,835.45,0.6377410468319559
205,355.0,0.0,420.5,0.34227299735321126
206,440.0,9.0,1428.25,0.6377410468319559
207,355.0,0.0,420.5,0.34227299735321126
208,385.0,0.0,588.0,0.4192279299231171
209,402.0,4.0,835.45,0.6377410468319559
210,402.0,4.0,835.45,0.6377410468319559
211,441.0,10.0,1506.95,0.5997497254181746
212,402.0,4.0,835.45,0.6377410468319559
213,402.0,4.0,835.45,0.6377410468319559
214,402.0,4.0,835.45,0.6377410468319559
215,338.0,2.0,671.8,0.5720664758097913
216,441.0,10.0,1506.95,0.5997497254181746
217,338.0,2.0,671.8,0.5720664758097913
218,401.0,3.0,754.15,0.6186193485658726
219,402.0,4.0,835.45,0.6377410468319559
220,369.0,1.0,512.4,0.4395559876843299
221,434.0,5.0,1085.55,0.6142530474081276
222,369.0,1.0,512.4,0.4395559876843299
223,399.0,1.0,679.9,0.5165109202542357
224,402.0,4.0,835.45,0.6377410468319559
225,370.0,0.0,504.25,0.4192279299231171
226,434.0,4.0,1009.4,0.6186193485658726
227,370.0,0.0,504.25,0.4192279299231171
228,400.0,0.0,671.75,0.4192279299231171
229,402.0,4.0,835.45,0.6377410468319559
230,370.0,0.0,504.25,0.4192279299231171
231,434.0,4.0,1009.4,0.6186193485658726
232,370.0,0.0,504.25,0.4192279299231171
233,400.0,0.0,671.75,0.4192279299231171
234,402.0,4.0,835.45,0.6377410468319559
235,370.0,0.0,504.25,0.4192279299231171
236,434.0,4.0,1009.4,0.6186193485658726
237,370.0,0.0,504.25,0.4192279299231171
238,400.0,0.0,671.75,0.4192279299231171
239,402.0,4.0,835.45,0.6377410468319559
240,402.0,4.0,835.45,0.6377410468319559
241,438.0,7.0,1261.65,0.6377410468319559
242,402.0,4.0,835.45,0.6377410468319559
243,402.0,4.0,835.45,0.6377410468319559
244,402.0,4.0,835.45,0.6377410468319559
245,401.0,3.0,754.15,0.6186193485658726
246,436.0,5.0,1094.6,0.6377410468319559
247,402.0,4.0,835.45,0.6377410468319559
248,401.0,3.0,754.15,0.6186193485658726
249,402.0,4.0,835.45,0.6377410468319559
250,402.0,2.0,746.0,0.521336358234754
251,436.0,5.0,1094.6,0.6377410468319559
252,402.0,2.0,746.0,0.521336358234754
253,424.0,2.0,839.65,0.5586434757557752
254,402.0,4.0,835.45,0.6377410468319559
255,400.0,0.0,671.75,0.4192279299231171
256,431.0,3.0,921.65,0.6186193485658726
257,400.0,0.0,671.75,0.4192279299231171
258,414.0,1.0,763.65,0.5165109202542357
259,402.0,4.0,835.45,0.6377410468319559
260,400.0,0.0,671.75,0.4192279299231171
261,431.0,3.0,921.65,0.6186193485658726
262,400.0,0.0,671.75,0.4192279299231171
263,414.0,1.0,763.65,0.5165109202542357
264,402.0,4.0,835.45,0.6377410468319559
265,400.0,0.0,671.75,0.4192279299231171
266,431.0,3.0,921.65,0.6186193485658726
267,400.0,0.0,671.75,0.4192279299231171
268,414.0,1.0,763.65,0.5165109202542357
269,402.0,4.0,835.45,0.6377410468319559
270,402.0,4.0,835.45,0.6377410468319559
271,403.0,4.0,839.35,0.6377410468319559
272,402.0,4.0,835.45,0.6377410468319559
273,402.0,4.0,835.45,0.6377410468319559
274,402.0,4.0,835.45,0.6377410468319559
275,401.0,3.0,754.15,0.6186193485658726
276,436.0,5.0,1094.6,0.6377410468319559
277,402.0,4.0,835.45,0.6377410468319559
278,401.0,3.0,754.15,0.6186193485658726
279,402.0,4.0,835.45,0.6377410468319559
280,424.0,2.0,839.65,0.5720664758097913
281,431.0,3.0,921.65,0.6186193485658726
282,431.0,3.0,921.65,0.6186193485658726
283,424.0,2.0,839.65,0.5720664758097913
284,402.0,4.0,835.45,0.6377410468319559
285,424.0,2.0,839.65,0.5720664758097913
286,431.0,3.0,921.65,0.6186193485658726
287,431.0,3.0,921.65,0.6186193485658726
288,424.0,2.0,839.65,0.5720664758097913
289,402.0,4.0,835.45,0.6377410468319559
290,424.0,2.0,839.65,0.5720664758097913
291,431.0,3.0,921.65,0.6186193485658726
292,431.0,3.0,921.65,0.6186193485658726
293,424.0,2.0,839.65,0.5720664758097913
294,402.0,4.0,835.45,0.6377410468319559
295,424.0,2.0,839.65,0.5720664758097913
296,431.0,3.0,921.65,0.6186193485658726
297,431.0,3.0,921.65,0.6186193485658726
298,424.0,2.0,839.65,0.5720664758097913
299,402.0,4.0,835.45,0.6377410468319559
300,402.0,4.0,835.45,0.6377410468319559
301,441.0,10.0,1506.95,0.5997497254181746
302,402.0,4.0,835.45,0.6377410468319559
303,402.0,4.0,835.45,0.6377410468319559
304,402.0,4.0,835.45,0.6377410468319559
305,401.0,3.0,754.15,0.6186193485658726
306,441.0,10.0,1506.95,0.5997497254181746
307,403.0,4.0,839.35,0.6377410468319559
308,401.0,3.0,754.15,0.6186193485658726
309,402.0,4.0,835.45,0.6377410468319559
310,424.0,2.0,839.65,0.5720664758097913
311,441.0,10.0,1506.95,0.5997497254181746
312,437.0,6.0,1173.3,0.6377410468319559
313,424.0,2.0,839.65,0.5720664758097913
314,402.0,4.0,835.45,0.6377410468319559
315,424.0,2.0,839.65,0.5720664758097913
316,441.0,10.0,1506.95,0.5997497254181746
317,437.0,6.0,1173.3,0.6377410468319559
318,424.0,2.0,839.65,0.5720664758097913
319,402.0,4.0,835.45,0.6377410468319559
320,424.0,2.0,839.65,0.5720664758097913
321,441.0,10.0,1506.95,0.5997497254181746
322,437.0,6.0,1173.3,0.6377410468319559
323,424.0,2.0,839.65,0.5720664758097913
324,402.0,4.0,835.45,0.6377410468319559
325,424.0,2.0,839.65,0.5720664758097913
326,441.0,10.0,1506.95,0.5997497254181746
327,437.0,6.0,1173.3,0.6377410468319559
328,424.0,2.0,839.65,0.5720664758097913
329,402.0,4.0,835.45,0.6377410468319559
330,402.0,4.0,835.45,0.6377410468319559
331,441.0,10.0,1506.95,0.5997497254181746
332,402.0,4.0,835.45,0.6377410468319559
333,402.0,4.0,835.45,0.6377410468319559
334,402.0,4.0,835.45,0.6377410468319559
335,401.0,3.0,754.15,0.6186193485658726
336,441.0,10.0,1506.95,0.5997497254181746
337,403.0,4.0,839.35,0.6377410468319559
338,401.0,3.0,754.15,0.6186193485658726
339,402.0,4.0,835.45,0.6377410468319559
340,424.0,2.0,839.65,0.5720664758097913
341,441.0,10.0,1506.95,0.5997497254181746
342,441.0,10.0,1506.95,0.6121284142674517
343,424.0,2.0,839.65,0.5720664758097913
344,402.0,4.0,835.45,0.6377410468319559
345,424.0,2.0,839.65,0.5720664758097913
346,441.0,10.0,1506.95,0.5997497254181746
347,441.0,10.0,1506.95,0.5997497254181746
348,424.0,2.0,839.65,0.5720664758097913
349,402.0,4.0,835.45,0.6377410468319559
350,424.0,2.0,839.65,0.5720664758097913
351,441.0,10.0,1506.95,0.5997497254181746
352,441.0,10.0,1506.95,0.5997497254181746
353,424.0,2.0,839.65,0.5720664758097913
354,402.0,4.0,835.45,0.6377410468319559
355,424.0,2.0,839.65,0.5720664758097913
356,441.0,10.0,1506.95,0.5997497254181746
357,441.0,10.0,1506.95,0.5997497254181746
358,424.0,2.0,839.65,0.5720664758097913
359,402.0,4.0,835.45,0.6377410468319559
360,259.0,3.0,585.95,0.6186193485658726
361,441.0,10.0,1506.95,0.5997497254181746
362,259.0,3.0,585.95,0.6186193485658726
363,402.0,4.0,835.45,0.6377410468319559
364,402.0,4.0,835.45,0.6377410468319559
365,309.0,1.0,496.15,0.47478348547867266
366,441.0,10.0,1506.95,0.5997497254181746
367,309.0,1.0,496.15,0.47478348547867266
368,401.0,3.0,754.15,0.6186193485658726
369,402.0,4.0,835.45,0.6377410468319559
370,355.0,0.0,420.5,0.34227299735321126
371,440.0,9.0,1428.25,0.6377410468319559
372,355.0,0.0,420.5,0.34227299735321126
373,384.0,1.0,596.15,0.5165109202542357
374,402.0,4.0,835.45,0.6377410468319559
375,355.0,0.0,420.5,0.34227299735321126
376,440.0,9.0,1428.25,0.6377410468319559
377,355.0,0.0,420.5,0.34227299735321126
378,385.0,0.0,588.0,0.4192279299231171
379,402.0,4.0,835.45,0.6377410468319559
380,355.0,0.0,420.5,0.34227299735321126
381,440.0,9.0,1428.25,0.6377410468319559
382,355.0,0.0,420.5,0.34227299735321126
383,385.0,0.0,588.0,0.4192279299231171
384,402.0,4.0,835.45,0.6377410468319559
385,355.0,0.0,420.5,0.34227299735321126
386,440.0,9.0,1428.25,0.6377410468319559
387,355.0,0.0,420.5,0.34227299735321126
388,385.0,0.0,588.0,0.4192279299231171
389,402.0,4.0,835.45,0.6377410468319559
390,402.0,4.0,835.45,0.6377410468319559
391,441.0,10.0,1506.95,0.5997497254181746
392,402.0,4.0,835.45,0.6377410468319559
393,402.0,4.0,835.45,0.6377410468319559
394,402.0,4.0,835.45,0.6377410468319559
395,338.0,2.0,671.8,0.5720664758097913
396,441.0,10.0,1506.95,0.5997497254181746
397,338.0,2.0,671.8,0.5720664758097913
398,402.0,4.0,835.45,0.6377410468319559
399,402.0,4.0,835.45,0.6377410468319559
400,369.0,1.0,512.4,0.4395559876843299
401,434.0,5.0,1085.55,0.6142530474081276
402,369.0,1.0,512.4,0.4395559876843299
403,399.0,1.0,679.9,0.5165109202542357
404,402.0,4.0,835.45,0.6377410468319559
405,370.0,0.0,504.25,0.4192279299231171
406,434.0,4.0,1009.4,0.6186193485658726
407,370.0,0.0,504.25,0.4192279299231171
408,400.0,0.0,671.75,0.4192279299231171
409,402.0,4.0,835.45,0.6377410468319559
410,370.0,0.0,504.25,0.4192279299231171
411,434.0,4.0,1009.4,0.6186193485658726
412,370.0,0.0,504.25,0.4192279299231171
413,400.0,0.0,671.75,0.4192279299231171
414,402.0,4.0,835.45,0.6377410468319559
415,370.0,0.0,504.25,0.4192279299231171
416,434.0,4.0,1009.4,0.6186193485658726
417,370.0,0.0,504.25,0.4192279299231171
418,400.0,0.0,671.75,0.4192279299231171
419,402.0,4.0,835.45,0.6377410468319559
420,402.0,4.0,835.45,0.6377410468319559
421,439.0,8.0,1342.95,0.6377410468319559
422,402.0,4.0,835.45,0.6377410468319559
423,402.0,4.0,835.45,0.6377410468319559
424,402.0,4.0,835.45,0.6377410468319559
425,402.0,4.0,835.45,0.6377410468319559
426,439.0,8.0,1342.95,0.6377410468319559
427,402.0,4.0,835.45,0.6377410468319559
428,403.0,4.0,839.35,0.6377410468319559
429,402.0,4.0,835.45,0.6377410468319559
430,402.0,2.0,746.0,0.521336358234754
431,436.0,5.0,1094.6,0.6377410468319559
432,402.0,2.0,746.0,0.521336358234754
433,416.0,3.0,837.9,0.5854084517186121
434,402.0,4.0,835.45,0.6377410468319559
435,400.0,0.0,671.75,0.4192279299231171
436,431.0,3.0,921.65,0.6186193485658726
437,400.0,0.0,671.75,0.4192279299231171
438,414.0,1.0,763.65,0.5165109202542357
439,402.0,4.0,835.45,0.6377410468319559
440,400.0,0.0,671.75,0.4192279299231171
441,431.0,3.0,921.65,0.6186193485658726
442,400.0,0.0,671.75,0.4192279299231171
443,414.0,1.0,763.65,0.5165109202542357
444,402.0,4.0,835.45,0.6377410468319559
445,400.0,0.0,671.75,0.4192279299231171
446,431.0,3.0,921.65,0.6186193485658726
447,400.0,0.0,671.75,0.4192279299231171
448,414.0,1.0,763.65,0.5165109202542357
449,402.0,4.0,835.45,0.6377410468319559
450,402.0,4.0,835.45,0.6377410468319559
451,403.0,4.0,839.35,0.6377410468319559
452,402.0,4.0,835.45,0.6377410468319559
453,402.0,4.0,835.45,0.6377410468319559
454,402.0,4.0,835.45,0.6377410468319559
455,402.0,4.0,835.45,0.6377410468319559
456,436.0,5.0,1094.6,0.6377410468319559
457,402.0,4.0,835.45,0.6377410468319559
458,403.0,4.0,839.35,0.6377410468319559
459,402.0,4.0,835.45,0.6377410468319559
460,431.0,3.0,921.65,0.6186193485658726
461,432.0,4.0,1000.35,0.6186193485658726
462,431.0,3.0,921.65,0.6186193485658726
463,431.0,3.0,921.65,0.6186193485658726
464,402.0,4.0,835.45,0.6377410468319559
465,431.0,3.0,921.65,0.6186193485658726
466,432.0,4.0,1000.35,0.6186193485658726
467,431.0,3.0,921.65,0.6186193485658726
468,431.0,3.0,921.65,0.6186193485658726
469,402.0,4.0,835.45,0.6377410468319559
470,431.0,3.0,921.65,0.6186193485658726
471,432.0,4.0,1000.35,0.6186193485658726
472,431.0,3.0,921.65,0.6186193485658726
473,431.0,3.0,921.65,0.6186193485658726
474,402.0,4.0,835.45,0.6377410468319559
475,431.0,3.0,921.65,0.6186193485658726
476,432.0,4.0,1000.35,0.6186193485658726
477,431.0,3.0,921.65,0.6186193485658726
478,431.0,3.0,921.65,0.6186193485658726
479,402.0,4.0,835.45,0.6377410468319559
480,402.0,4.0,835.45,0.6377410468319559
481,441.0,10.0,1506.95,0.5997497254181746
482,402.0,4.0,835.45,0.6377410468319559
483,402.0,4.0,835.45,0.6377410468319559
484,402.0,4.0,835.45,0.6377410468319559
485,403.0,4.0,839.35,0.6377410468319559
486,441.0,10.0,1506.95,0.5997497254181746
487,403.0,4.0,839.35,0.6377410468319559
488,403.0,4.0,839.35,0.6377410468319559
489,402.0,4.0,835.45,0.6377410468319559
490,434.0,4.0,1009.4,0.6186193485658726
491,439.0,8.0,1346.95,0.6377410468319559
492,437.0,6.0,1173.3,0.6377410468319559
493,434.0,4.0,1009.4,0.6186193485658726
494,402.0,4.0,835.45,0.6377410468319559
495,434.0,4.0,1009.4,0.6186193485658726
496,439.0,8.0,1346.95,0.6377410468319559
497,437.0,6.0,1173.3,0.6377410468319559
498,434.0,4.0,1009.4,0.6186193485658726
499,402.0,4.0,835.45,0.6377410468319559
500,434.0,4.0,1009.4,0.6186193485658726
501,439.0,8.0,1346.95,0.6377410468319559
502,437.0,6.0,1173.3,0.6377410468319559
503,434.0,4.0,1009.4,0.6186193485658726
504,402.0,4.0,835.45,0.6377410468319559
505,434.0,4.0,1009.4,0.6186193485658726
506,439.0,8.0,1346.95,0.6377410468319559
507,437.0,6.0,1173.3,0.6377410468319559
508,434.0,4.0,1009.4,0.6186193485658726
509,402.0,4.0,835.45,0.6377410468319559
510,402.0,4.0,835.45,0.6377410468319559
511,441.0,10.0,1506.95,0.5997497254181746
512,402.0,4.0,835.45,0.6377410468319559
513,402.0,4.0,835.45,0.6377410468319559
514,402.0,4.0,835.45,0.6377410468319559
515,403.0,4.0,839.35,0.6377410468319559
516,441.0,10.0,1506.95,0.5997497254181746
517,403.0,4.0,839.35,0.6377410468319559
518,403.0,4.0,839.35,0.6377410468319559
519,402.0,4.0,835.45,0.6377410468319559
520,434.0,4.0,1009.4,0.6186193485658726
521,441.0,10.0,1506.95,0.5997497254181746
522,441.0,10.0,1506.95,0.6121284142674517
523,434.0,4.0,1009.4,0.6186193485658726
524,402.0,4.0,835.45,0.6377410468319559
525,434.0,4.0,1009.4,0.6186193485658726
526,441.0,10.0,1506.95,0.5997497254181746
527,441.0,10.0,1506.95,0.5997497254181746
528,434.0,4.0,1009.4,0.6186193485658726
529,402.0,4.0,835.45,0.6377410468319559
530,434.0,4.0,1009.4,0.6186193485658726
531,441.0,10.0,1506.95,0.5997497254181746
532,441.0,10.0,1506.95,0.5997497254181746
533,434.0,4.0,1009.4,0.6186193485658726
534,402.0,4.0,835.45,0.6377410468319559
535,434.0,4.0,1009.4,0.6186193485658726
536,441.0,10.0,1506.95,0.5997497254181746
537,441.0,10.0,1506.95,0.5997497254181746
538,434.0,4.0,1009.4,0.6186193485658726
539,402.0,4.0,835.45,0.6377410468319559
540,259.0,3.0,585.95,0.6186193485658726
541,441.0,10.0,1506.95,0.5997497254181746
542,259.0,3.0,585.95,0.6186193485658726
543,402.0,4.0,835.45,0.6377410468319559
544,402.0,4.0,835.45,0.6377410468319559
545,309.0,1.0,496.15,0.47478348547867266
546,441.0,10.0,1506.95,0.5997497254181746
547,309.0,1.0,496.15,0.47478348547867266
548,401.0,3.0,754.15,0.6186193485658726
549,402.0,4.0,835.45,0.6377410468319559
550,355.0,0.0,420.5,0.34227299735321126
551,440.0,9.0,1428.25,0.6377410468319559
552,355.0,0.0,420.5,0.34227299735321126
553,384.0,1.0,596.15,0.5165109202542357
554,402.0,4.0,835.45,0.6377410468319559
555,355.0,0.0,420.5,0.34227299735321126
556,440.0,9.0,1428.25,0.6377410468319559
557,355.0,0.0,420.5,0.34227299735321126
558,385.0,0.0,588.0,0.4192279299231171
559,402.0,4.0,835.45,0.6377410468319559
560,355.0,0.0,420.5,0.34227299735321126
561,440.0,9.0,1428.25,0.6377410468319559
562,355.0,0.0,420.5,0.34227299735321126
563,385.0,0.0,588.0,0.4192279299231171
564,402.0,4.0,835.45,0.6377410468319559
565,355.0,0.0,420.5,0.34227299735321126
566,440.0,9.0,1428.25,0.6377410468319559
567,355.0,0.0,420.5,0.34227299735321126
568,385.0,0.0,588.0,0.4192279299231171
569,402.0,4.0,835.45,0.6377410468319559
570,402.0,4.0,835.45,0.6377410468319559
571,441.0,10.0,1506.95,0.5997497254181746
572,402.0,4.0,835.45,0.6377410468319559
573,402.0,4.0,835.45,0.6377410468319559
574,402.0,4.0,835.45,0.6377410468319559
575,338.0,2.0,671.8,0.5720664758097913
576,441.0,10.0,1506.95,0.5997497254181746
577,338.0,2.0,671.8,0.5720664758097913
578,402.0,4.0,835.45,0.6377410468319559
579,402.0,4.0,835.45,0.6377410468319559
580,369.0,1.0,512.4,0.4395559876843299
581,434.0,5.0,1085.55,0.6142530474081276
582,369.0,1.0,512.4,0.4395559876843299
583,399.0,1.0,679.9,0.5165109202542357
584,402.0,4.0,835.45,0.6377410468319559
585,370.0,0.0,504.25,0.4192279299231171
586,434.0,4.0,1009.4,0.6186193485658726
587,370.0,0.0,504.25,0.4192279299231171
588,400.0,0.0,671.75,0.4192279299231171
589,402.0,4.0,835.45,0.6377410468319559
590,370.0,0.0,504.25,0.4192279299231171
591,434.0,4.0,1009.4,0.6186193485658726
592,370.0,0.0,504.25,0.4192279299231171
593,400.0,0.0,671.75,0.4192279299231171
594,402.0,4.0,835.45,0.6377410468319559
595,370.0,0.0,504.25,0.4192279299231171
596,434.0,4.0,1009.4,0.6186193485658726
597,370.0,0.0,504.25,0.4192279299231171
598,400.0,0.0,671.75,0.4192279299231171
599,402.0,4.0,835.45,0.6377410468319559
600,402.0,4.0,835.45,0.6377410468319559
601,439.0,8.0,1342.95,0.6377410468319559
602,402.0,4.0,835.45,0.6377410468319559
603,402.0,4.0,835.45,0.6377410468319559
604,402.0,4.0,835.45,0.6377410468319559
605,402.0,4.0,835.45,0.6377410468319559
606,439.0,8.0,1342.95,0.6377410468319559
607,402.0,4.0,835.45,0.6377410468319559
608,403.0,4.0,839.35,0.6377410468319559
609,402.0,4.0,835.45,0.6377410468319559
610,402.0,2.0,746.0,0.521336358234754
611,436.0,5.0,1094.6,0.6377410468319559
612,402.0,2.0,746.0,0.521336358234754
613,416.0,3.0,837.9,0.5854084517186121
614,402.0,4.0,835.45,0.6377410468319559
615,400.0,0.0,671.75,0.4192279299231171
616,431.0,3.0,921.65,0.6186193485658726
617,400.0,0.0,671.75,0.4192279299231171
618,414.0,1.0,763.65,0.5165109202542357
619,402.0,4.0,835.45,0.6377410468319559
620,400.0,0.0,671.75,0.4192279299231171
621,431.0,3.0,921.65,0.6186193485658726
622,400.0,0.0,671.75,0.4192279299231171
623,414.0,1.0,763.65,0.5165109202542357
624,402.0,4.0,835.45,0.6377410468319559
625,400.0,0.0,671.75,0.4192279299231171
626,431.0,3.0,921.65,0.6186193485658726
627,400.0,0.0,671.75,0.4192279299231171
628,414.0,1.0,763.65,0.5165109202542357
629,402.0,4.0,835.45,0.6377410468319559
630,402.0,4.0,835.45,0.6377410468319559
631,403.0,4.0,839.35,0.6377410468319559
632,402.0,4.0,835.45,0.6377410468319559
633,402.0,4.0,835.45,0.6377410468319559
634,402.0,4.0,835.45,0.6377410468319559
635,402.0,4.0,835.45,0.6377410468319559
636,437.0,6.0,1173.3,0.6377410468319559
637,402.0,4.0,835.45,0.6377410468319559
638,403.0,4.0,839.35,0.6377410468319559
639,402.0,4.0,835.45,0.6377410468319559
640,431.0,3.0,921.65,0.6186193485658726
641,432.0,4.0,1002.95,0.6142530474081276
642,431.0,3.0,921.65,0.6186193485658726
643,431.0,3.0,921.65,0.6186193485658726
644,402.0,4.0,835.45,0.6377410468319559
645,431.0,3.0,921.65,0.6186193485658726
646,432.0,4.0,1002.95,0.6142530474081276
647,431.0,3.0,921.65,0.6186193485658726
648,431.0,3.0,921.65,0.6186193485658726
649,402.0,4.0,835.45,0.6377410468319559
650,431.0,3.0,921.65,0.6186193485658726
651,432.0,4.0,1002.95,0.6142530474081276
652,431.0,3.0,921.65,0.6186193485658726
653,431.0,3.0,921.65,0.6186193485658726
654,402.0,4.0,835.45,0.6377410468319559
655,431.0,3.0,921.65,0.6186193485658726
656,432.0,4.0,1002.95,0.6142530474081276
657,431.0,3.0,921.65,0.6186193485658726
658,431.0,3.0,921.65,0.6186193485658726
659,402.0,4.0,835.45,0.6377410468319559
660,402.0,4.0,835.45,0.6377410468319559
661,441.0,10.0,1506.95,0.5997497254181746
662,402.0,4.0,835.45,0.6377410468319559
663,402.0,4.0,835.45,0.6377410468319559
664,402.0,4.0,835.45,0.6377410468319559
665,403.0,4.0,839.35,0.6377410468319559
666,441.0,10.0,1506.95,0.5997497254181746
667,403.0,4.0,839.35,0.6377410468319559
668,403.0,4.0,839.35,0.6377410468319559
669,402.0,4.0,835.45,0.6377410468319559
670,437.0,6.0,1175.9,0.6377410468319559
671,437.0,6.0,1175.9,0.6377410468319559
672,437.0,6.0,1173.3,0.6377410468319559
673,437.0,6.0,1175.9,0.6377410468319559
674,402.0,4.0,835.45,0.6377410468319559
675,437.0,6.0,1175.9,0.6377410468319559
676,437.0,6.0,1175.9,0.6377410468319559
677,437.0,6.0,1173.3,0.6377410468319559
678,437.0,6.0,1175.9,0.6377410468319559
679,402.0,4.0,835.45,0.6377410468319559
680,437.0,6.0,1175.9,0.6377410468319559
681,437.0,6.0,1175.9,0.6377410468319559
682,437.0,6.0,1173.3,0.6377410468319559
683,437.0,6.0,1175.9,0.6377410468319559
684,402.0,4.0,835.45,0.6377410468319559
685,437.0,6.0,1175.9,0.6377410468319559
686,437.0,6.0,1175.9,0.6377410468319559
687,437.0,6.0,1173.3,0.6377410468319559
688,437.0,6.0,1175.9,0.6377410468319559
689,402.0,4.0,835.45,0.6377410468319559
690,402.0,4.0,835.45,0.6377410468319559
691,441.0,10.0,1506.95,0.5997497254181746
692,402.0,4.0,835.45,0.6377410468319559
693,402.0,4.0,835.45,0.6377410468319559
694,402.0,4.0,835.45,0.6377410468319559
695,403.0,4.0,839.35,0.6377410468319559
696,441.0,10.0,1506.95,0.5997497254181746
697,403.0,4.0,839.35,0.6377410468319559
698,403.0,4.0,839.35,0.6377410468319559
699,402.0,4.0,835.45,0.6377410468319559
700,437.0,6.0,1175.9,0.6377410468319559
701,441.0,10.0,1506.95,0.5997497254181746
702,441.0,10.0,1506.95,0.6121284142674517
703,437.0,6.0,1175.9,0.6377410468319559
704,402.0,4.0,835.45,0.6377410468319559
705,437.0,6.0,1175.9,0.6377410468319559
706,441.0,10.0,1506.95,0.5997497254181746
707,441.0,10.0,1506.95,0.5997497254181746
708,437.0,6.0,1175.9,0.6377410468319559
709,402.0,4.0,835.45,0.6377410468319559
710,437.0,6.0,1175.9,0.6377410468319559
711,441.0,10.0,1506.95,0.5997497254181746
712,441.0,10.0,1506.95,0.5997497254181746
713,437.0,6.0,1175.9,0.6377410468319559
714,402.0,4.0,835.45,0.6377410468319559
715,437.0,6.0,1175.9,0.6377410468319559
716,441.0,10.0,1506.95,0.5997497254181746
717,441.0,10.0,1506.95,0.5997497254181746
718,437.0,6.0,1175.9,0.6377410468319559
719,402.0,4.0,835.45,0.6377410468319559
720,259.0,3.0,585.95,0.6186193485658726
721,441.0,10.0,1506.95,0.5997497254181746
722,259.0,3.0,585.95,0.6186193485658726
723,402.0,4.0,835.45,0.6377410468319559
724,402.0,4.0,835.45,0.6377410468319559
725,309.0,1.0,496.15,0.47478348547867266
726,441.0,10.0,1506.95,0.5997497254181746
727,309.0,1.0,496.15,0.47478348547867266
728,401.0,3.0,754.15,0.6186193485658726
729,402.0,4.0,835.45,0.6377410468319559
730,355.0,0.0,420.5,0.34227299735321126
731,440.0,9.0,1428.25,0.6377410468319559
732,355.0,0.0,420.5,0.34227299735321126
733,384.0,1.0,596.15,0.5165109202542357
734,402.0,4.0,835.45,0.6377410468319559
735,355.0,0.0,420.5,0.34227299735321126
736,440.0,9.0,1428.25,0.6377410468319559
737,355.0,0.0,420.5,0.34227299735321126
738,385.0,0.0,588.0,0.4192279299231171
739,402.0,4.0,835.45,0.6377410468319559
740,355.0,0.0,420.5,0.34227299735321126
741,440.0,9.0,1428.25,0.6377410468319559
742,355.0,0.0,420.5,0.34227299735321126
743,385.0,0.0,588.0,0.4192279299231171
744,402.0,4.0,835.45,0.6377410468319559
745,355.0,0.0,420.5,0.34227299735321126
746,440.0,9.0,1428.25,0.6377410468319559
747,355.0,0.0,420.5,0.34227299735321126
748,385.0,0.0,588.0,0.4192279299231171
749,402.0,4.0,835.45,0.6377410468319559
750,402.0,4.0,835.45,0.6377410468319559
751,441.0,10.0,1506.95,0.5997497254181746
752,402.0,4.0,835.45,0.6377410468319559
753,402.0,4.0,835.45,0.6377410468319559
754,402.0,4.0,835.45,0.6377410468319559
755,338.0,2.0,671.8,0.5720664758097913
756,441.0,10.0,1506.95,0.5997497254181746
757,338.0,2.0,671.8,0.5720664758097913
758,402.0,4.0,835.45,0.6377410468319559
759,402.0,4.0,835.45,0.6377410468319559
760,369.0,1.0,512.4,0.4395559876843299
761,434.0,5.0,1085.55,0.6142530474081276
762,369.0,1.0,512.4,0.4395559876843299
763,399.0,1.0,679.9,0.5165109202542357
764,402.0,4.0,835.45,0.6377410468319559
765,370.0,0.0,504.25,0.4192279299231171
766,434.0,4.0,1009.4,0.6186193485658726
767,370.0,0.0,504.25,0.4192279299231171
768,400.0,0.0,671.75,0.4192279299231171
769,402.0,4.0,835.45,0.6377410468319559
770,370.0,0.0,504.25,0.4192279299231171
771,434.0,4.0,1009.4,0.6186193485658726
772,370.0,0.0,504.25,0.4192279299231171
773,400.0,0.0,671.75,0.4192279299231171
774,402.0,4.0,835.45,0.6377410468319559
775,370.0,0.0,504.25,0.4192279299231171
776,434.0,4.0,1009.4,0.6186193485658726
777,370.0,0.0,504.25,0.4192279299231171
778,400.0,0.0,671.75,0.4192279299231171
779,402.0,4.0,835.45,0.6377410468319559
780,402.0,4.0,835.45,0.6377410468319559
781,439.0,8.0,1342.95,0.6377410468319559
782,402.0,4.0,835.45,0.6377410468319559
783,402.0,4.0,835.45,0.6377410468319559
784,402.0,4.0,835.45,0.6377410468319559
785,402.0,4.0,835.45,0.6377410468319559
786,439.0,8.0,1342.95,0.6377410468319559
787,402.0,4.0,835.45,0.6377410468319559
788,403.0,4.0,839.35,0.6377410468319559
789,402.0,4.0,835.45,0.6377410468319559
790,402.0,2.0,746.0,0.521336358234754
791,436.0,5.0,1094.6,0.6377410468319559
792,402.0,2.0,746.0,0.521336358234754
793,416.0,3.0,837.9,0.5854084517186121
794,402.0,4.0,835.45,0.6377410468319559
795,400.0,0.0,671.75,0.4192279299231171
796,431.0,3.0,921.65,0.6186193485658726
797,400.0,0.0,671.75,0.4192279299231171
798,414.0,1.0,763.65,0.5165109202542357
799,402.0,4.0,835.45,0.6377410468319559
800,400.0,0.0,671.75,0.4192279299231171
801,431.0,3.0,921.65,0.6186193485658726
802,400.0,0.0,671.75,0.4192279299231171
803,414.0,1.0,763.65,0.5165109202542357
804,402.0,4.0,835.45,0.6377410468319559
805,400.0,0.0,671.75,0.4192279299231171
806,431.0,3.0,921.65,0.6186193485658726
807,400.0,0.0,671.75,0.4192279299231171
808,414.0,1.0,763.65,0.5165109202542357
809,402.0,4.0,835.45,0.6377410468319559
810,402.0,4.0,835.45,0.6377410468319559
811,403.0,4.0,839.35,0.6377410468319559
812,402.0,4.0,835.45,0.6377410468319559
813,402.0,4.0,835.45,0.6377410468319559
814,402.0,4.0,835.45,0.6377410468319559
815,402.0,4.0,835.45,0.6377410468319559
816,437.0,6.0,1173.3,0.6377410468319559
817,402.0,4.0,835.45,0.6377410468319559
818,403.0,4.0,839.35,0.6377410468319559
819,402.0,4.0,835.45,0.6377410468319559
820,431.0,3.0,921.65,0.6186193485658726
821,432.0,4.0,1000.35,0.6038279407263365
822,431.0,3.0,921.65,0.6186193485658726
823,431.0,3.0,921.65,0.6186193485658726
824,402.0,4.0,835.45,0.6377410468319559
825,431.0,3.0,921.65,0.6186193485658726
826,432.0,4.0,1000.35,0.6038279407263365
827,431.0,3.0,921.65,0.6186193485658726
828,431.0,3.0,921.65,0.6186193485658726
829,402.0,4.0,835.45,0.6377410468319559
830,431.0,3.0,921.65,0.6186193485658726
831,432.0,4.0,1000.35,0.6038279407263365
832,431.0,3.0,921.65,0.6186193485658726
833,431.0,3.0,921.65,0.6186193485658726
834,402.0,4.0,835.45,0.6377410468319559
835,431.0,3.0,921.65,0.6186193485658726
836,432.0,4.0,1000.35,0.6038279407263365
837,431.0,3.0,921.65,0.6186193485658726
838,431.0,3.0,921.65,0.6186193485658726
839,402.0,4.0,835.45,0.6377410468319559
840,402.0,4.0,835.45,0.6377410468319559
841,441.0,10.0,1506.95,0.5997497254181746
842,402.0,4.0,835.45,0.6377410468319559
843,402.0,4.0,835.45,0.6377410468319559
844,402.0,4.0,835.45,0.6377410468319559
845,403.0,4.0,839.35,0.6377410468319559
846,441.0,10.0,1506.95,0.5997497254181746
847,403.0,4.0,839.35,0.6377410468319559
848,403.0,4.0,839.35,0.6377410468319559
849,402.0,4.0,835.45,0.6377410468319559
850,437.0,6.0,1173.3,0.6377410468319559
851,438.0,7.0,1261.65,0.6377410468319559
852,437.0,6.0,1173.3,0.6377410468319559
853,437.0,6.0,1173.3,0.6377410468319559
854,402.0,4.0,835.45,0.6377410468319559
855,437.0,6.0,1173.3,0.6377410468319559
856,438.0,7.0,1261.65,0.6377410468319559
857,437.0,6.0,1173.3,0.6377410468319559
858,437.0,6.0,1173.3,0.6377410468319559
859,402.0,4.0,835.45,0.6377410468319559
860,437.0,6.0,1173.3,0.6377410468319559
861,438.0,7.0,1261.65,0.6377410468319559
862,437.0,6.0,1173.3,0.6377410468319559
863,437.0,6.0,1173.3,0.6377410468319559
864,402.0,4.0,835.45,0.6377410468319559
865,437.0,6.0,1173.3,0.6377410468319559
866,438.0,7.0,1261.65,0.6377410468319559
867,437.0,6.0,1173.3,0.6377410468319559
868,437.0,6.0,1173.3,0.6377410468319559
869,402.0,4.0,835.45,0.6377410468319559
870,402.0,4.0,835.45,0.6377410468319559
871,441.0,10.0,1506.95,0.5997497254181746
872,402.0,4.0,835.45,0.6377410468319559
873,402.0,4.0,835.45,0.6377410468319559
874,402.0,4.0,835.45,0.6377410468319559
875,403.0,4.0,839.35,0.6377410468319559
876,441.0,10.0,1506.95,0.5997497254181746
877,403.0,4.0,839.35,0.6377410468319559
878,403.0,4.0,839.35,0.6377410468319559
879,402.0,4.0,835.45,0.6377410468319559
880,439.0,8.0,1333.3,0.6377410468319559
881,441.0,10.0,1506.95,0.5997497254181746
882,441.0,10.0,1506.95,0.6121284142674517
883,439.0,8.0,1333.3,0.6377410468319559
884,402.0,4.0,835.45,0.6377410468319559
885,439.0,8.0,1333.3,0.6377410468319559
886,441.0,10.0,1506.95,0.5997497254181746
887,441.0,10.0,1506.95,0.5997497254181746
888,439.0,8.0,1333.3,0.6377410468319559
889,402.0,4.0,835.45,0.6377410468319559
890,439.0,8.0,1333.3,0.6377410468319559
891,441.0,10.0,1506.95,0.5997497254181746
892,441.0,10.0,1506.95,0.5997497254181746
893,439.0,8.0,1333.3,0.6377410468319559
894,402.0,4.0,835.45,0.6377410468319559
895,439.0,8.0,1333.3,0.6377410468319559
896,441.0,10.0,1506.95,0.5997497254181746
897,441.0,10.0,1506.95,0.5997497254181746
898,439.0,8.0,1333.3,0.6377410468319559
899,402.0,4.0,835.45,0.6377410468319559
900,259.0,3.0,585.95,0.6186193485658726
901,441.0,10.0,1506.95,0.5997497254181746
902,259.0,3.0,585.95,0.6186193485658726
903,402.0,4.0,835.45,0.6377410468319559
904,402.0,4.0,835.45,0.6377410468319559
905,309.0,1.0,496.15,0.47478348547867266
906,441.0,10.0,1506.95,0.5997497254181746
907,309.0,1.0,496.15,0.47478348547867266
908,401.0,3.0,754.15,0.6186193485658726
909,402.0,4.0,835.45,0.6377410468319559
910,355.0,0.0,420.5,0.34227299735321126
911,440.0,9.0,1428.25,0.6377410468319559
912,355.0,0.0,420.5,0.34227299735321126
913,384.0,1.0,596.15,0.5165109202542357
914,402.0,4.0,835.45,0.6377410468319559
915,355.0,0.0,420.5,0.34227299735321126
916,440.0,9.0,1428.25,0.6377410468319559
917,355.0,0.0,420.5,0.34227299735321126
918,385.0,0.0,588.0,0.4192279299231171
919,402.0,4.0,835.45,0.6377410468319559
920,355.0,0.0,420.5,0.34227299735321126
921,440.0,9.0,1428.25,0.6377410468319559
922,355.0,0.0,420.5,0.34227299735321126
923,385.0,0.0,588.0,0.4192279299231171
924,402.0,4.0,835.45,0.6377410468319559
925,355.0,0.0,420.5,0.34227299735321126
926,440.0,9.0,1428.25,0.6377410468319559
927,355.0,0.0,420.5,0.34227299735321126
928,385.0,0.0,588.0,0.4192279299231171
929,402.0,4.0,835.45,0.6377410468319559
930,402.0,4.0,835.45,0.6377410468319559
931,441.0,10.0,1506.95,0.5997497254181746
932,402.0,4.0,835.45,0.6377410468319559
933,402.0,4.0,835.45,0.6377410468319559
934,402.0,4.0,835.45,0.6377410468319559
935,338.0,2.0,671.8,0.5720664758097913
936,441.0,10.0,1506.95,0.5997497254181746
937,338.0,2.0,671.8,0.5720664758097913
938,402.0,4.0,835.45,0.6377410468319559
939,402.0,4.0,835.45,0.6377410468319559
940,369.0,1.0,512.4,0.4395559876843299
941,434.0,5.0,1085.55,0.6229496389924197
942,369.0,1.0,512.4,0.4395559876843299
943,399.0,1.0,679.9,0.5165109202542357
944,402.0,4.0,835.45,0.6377410468319559
945,370.0,0.0,504.25,0.4192279299231171
946,434.0,4.0,1009.4,0.6186193485658726
947,370.0,0.0,504.25,0.4192279299231171
948,400.0,0.0,671.75,0.4192279299231171
949,402.0,4.0,835.45,0.6377410468319559
950,370.0,0.0,504.25,0.4192279299231171
951,434.0,4.0,1009.4,0.6186193485658726
952,370.0,0.0,504.25,0.4192279299231171
953,400.0,0.0,671.75,0.4192279299231171
954,402.0,4.0,835.45,0.6377410468319559
955,370.0,0.0,504.25,0.4192279299231171
956,434.0,4.0,1009.4,0.6186193485658726
957,370.0,0.0,504.25,0.4192279299231171
958,400.0,0.0,671.75,0.4192279299231171
959,402.0,4.0,835.45,0.6377410468319559
960,402.0,4.0,835.45,0.6377410468319559
961,439.0,8.0,1342.95,0.6377410468319559
962,402.0,4.0,835.45,0.6377410468319559
963,402.0,4.0,835.45,0.6377410468319559
964,402.0,4.0,835.45,0.6377410468319559
965,402.0,4.0,835.45,0.6377410468319559
966,439.0,8.0,1342.95,0.6377410468319559
967,402.0,4.0,835.45,0.6377410468319559
968,403.0,4.0,839.35,0.6377410468319559
969,402.0,4.0,835.45,0.6377410468319559
970,402.0,2.0,746.0,0.521336358234754
971,436.0,5.0,1094.6,0.6377410468319559
972,402.0,2.0,746.0,0.521336358234754
973,416.0,3.0,837.9,0.6051963485118566
974,402.0,4.0,835.45,0.6377410468319559
975,400.0,0.0,671.75,0.4192279299231171
976,431.0,3.0,921.65,0.6186193485658726
977,400.0,0.0,671.75,0.4192279299231171
978,414.0,1.0,763.65,0.5165109202542357
979,402.0,4.0,835.45,0.6377410468319559
980,400.0,0.0,671.75,0.4192279299231171
981,431.0,3.0,921.65,0.6186193485658726
982,400.0,0.0,671.75,0.4192279299231171
983,414.0,1.0,763.65,0.5165109202542357
984,402.0,4.0,835.45,0.6377410468319559
985,400.0,0.0,671.75,0.4192279299231171
986,431.0,3.0,921.65,0.6186193485658726
987,400.0,0.0,671.75,0.4192279299231171
988,414.0,1.0,763.65,0.5165109202542357
989,402.0,4.0,835.45,0.6377410468319559
990,402.0,4.0,835.45,0.6377410468319559
991,403.0,4.0,839.35,0.6377410468319559
992,402.0,4.0,835.45,0.6377410468319559
993,402.0,4.0,835.45,0.6377410468319559
994,402.0,4.0,835.45,0.6377410468319559
995,402.0,4.0,835.45,0.6377410468319559
996,437.0,6.0,1173.3,0.6377410468319559
997,402.0,4.0,835.45,0.6377410468319559
998,403.0,4.0,839.35,0.6377410468319559
999,402.0,4.0,835.45,0.6377410468319559
1000,431.0,3.0,921.65,0.6186193485658726
1001,433.0,4.0,1006.85,0.6377410468319559
1002,431.0,3.0,921.65,0.6186193485658726
1003,431.0,3.0,921.65,0.6186193485658726
1004,402.0,4.0,835.45,0.6377410468319559
1005,431.0,3.0,921.65,0.6186193485658726
1006,433.0,4.0,1006.85,0.6377410468319559
1007,431.0,3.0,921.65,0.6186193485658726
1008,431.0,3.0,921.65,0.6186193485658726
1009,402.0,4.0,835.45,0.6377410468319559
1010,431.0,3.0,921.65,0.6186193485658726
1011,433.0,4.0,1006.85,0.6377410468319559
1012,431.0,3.0,921.65,0.6186193485658726
1013,431.0,3.0,921.65,0.6186193485658726
1014,402.0,4.0,835.45,0.6377410468319559
1015,431.0,3.0,921.65,0.6186193485658726
1016,433.0,4.0,1006.85,0.6377410468319559
1017,431.0,3.0,921.65,0.6186193485658726
1018,431.0,3.0,921.65,0.6186193485658726
1019,402.0,4.0,835.45,0.6377410468319559
1020,402.0,4.0,835.45,0.6377410468319559
1021,441.0,10.0,1506.95,0.5997497254181746
1022,402.0,4.0,835.45,0.6377410468319559
1023,402.0,4.0,835.45,0.6377410468319559
1024,402.0,4.0,835.45,0.6377410468319559
1025,403.0,4.0,839.35,0.6377410468319559
1026,441.0,10.0,1506.95,0.5997497254181746
1027,403.0,4.0,839.35,0.6377410468319559
1028,403.0,4.0,839.35,0.6377410468319559
1029,402.0,4.0,835.45,0.6377410468319559
1030,437.0,6.0,1173.3,0.6377410468319559
1031,438.0,7.0,1261.65,0.6377410468319559
1032,437.0,6.0,1173.3,0.6377410468319559
1033,437.0,6.0,1173.3,0.6377410468319559
1034,402.0,4.0,835.45,0.6377410468319559
1035,437.0,6.0,1173.3,0.6377410468319559
1036,438.0,7.0,1261.65,0.6377410468319559
1037,437.0,6.0,1173.3,0.6377410468319559
1038,437.0,6.0,1173.3,0.6377410468319559
1039,402.0,4.0,835.45,0.6377410468319559
1040,437.0,6.0,1173.3,0.6377410468319559
1041,438.0,7.0,1261.65,0.6377410468319559
1042,437.0,6.0,1173.3,0.6377410468319559
1043,437.0,6.0,1173.3,0.6377410468319559
1044,402.0,4.0,835.45,0.6377410468319559
1045,437.0,6.0,1173.3,0.6377410468319559
1046,438.0,7.0,1261.65,0.6377410468319559
1047,437.0,6.0,1173.3,0.6377410468319559
1048,437.0,6.0,1173.3,0.6377410468319559
1049,402.0,4.0,835.45,0.6377410468319559
1050,402.0,4.0,835.45,0.6377410468319559
1051,441.0,10.0,1506.95,0.5997497254181746
1052,402.0,4.0,835.45,0.6377410468319559
1053,402.0,4.0,835.45,0.6377410468319559
1054,402.0,4.0,835.45,0.6377410468319559
1055,403.0,4.0,839.35,0.6377410468319559
1056,441.0,10.0,1506.95,0.5997497254181746
1057,403.0,4.0,839.35,0.6377410468319559
1058,403.0,4.0,839.35,0.6377410468319559
1059,402.0,4.0,835.45,0.6377410468319559
1060,441.0,10.0,1506.95,0.6121284142674517
1061,441.0,10.0,1506.95,0.6121284142674517
1062,441.0,10.0,1506.95,0.6121284142674517
1063,441.0,10.0,1506.95,0.6121284142674517
1064,441.0,10.0,1506.95,0.6196636597706117
1065,441.0,10.0,1506.95,0.5997497254181746
1066,441.0,10.0,1506.95,0.5997497254181746
1067,441.0,10.0,1506.95,0.5997497254181746
1068,441.0,10.0,1506.95,0.5997497254181746
1069,441.0,10.0,1506.95,0.5997497254181746
1070,441.0,10.0,1506.95,0.5997497254181746
1071,441.0,10.0,1506.95,0.5997497254181746
1072,441.0,10.0,1506.95,0.5997497254181746
1073,441.0,10.0,1506.95,0.5997497254181746
1074,441.0,10.0,1506.95,0.5997497254181746
1075,441.0,10.0,1506.95,0.5997497254181746
1076,441.0,10.0,1506.95,0.5997497254181746
1077,441.0,10.0,1506.95,0.5997497254181746
1078,441.0,10.0,1506.95,0.5997497254181746
1079,441.0,10.0,1506.95,0.5997497254181746
1080,188.0,3.0,501.85,0.6186193485658726
1081,441.0,10.0,1506.95,0.6243180467779398
1082,188.0,3.0,501.85,0.6186193485658726
1083,401.0,3.0,754.15,0.6186193485658726
1084,402.0,4.0,835.45,0.6377410468319559
1085,242.0,1.0,427.95,0.5165109202542357
1086,437.0,6.0,1173.3,0.6377410468319559
1087,242.0,1.0,427.95,0.5165109202542357
1088,394.0,2.0,672.15,0.5720664758097913
1089,402.0,4.0,835.45,0.6377410468319559
1090,284.0,0.0,336.4,0.34227299735321126
1091,431.0,3.0,921.65,0.6186193485658726
1092,284.0,0.0,336.4,0.34227299735321126
1093,313.0,1.0,512.05,0.5165109202542357
1094,402.0,4.0,835.45,0.6377410468319559
1095,284.0,0.0,336.4,0.34227299735321126
1096,431.0,3.0,921.65,0.6186193485658726
1097,284.0,0.0,336.4,0.34227299735321126
1098,355.0,0.0,420.5,0.34227299735321126
1099,402.0,4.0,835.45,0.6377410468319559
1100,284.0,0.0,336.4,0.34227299735321126
1101,431.0,3.0,921.65,0.6186193485658726
1102,284.0,0.0,336.4,0.34227299735321126
1103,355.0,0.0,420.5,0.34227299735321126
1104,402.0,4.0,835.45,0.6377410468319559
1105,284.0,0.0,336.4,0.34227299735321126
1106,431.0,3.0,921.65,0.6186193485658726
1107,284.0,0.0,336.4,0.34227299735321126
1108,355.0,0.0,420.5,0.34227299735321126
1109,402.0,4.0,835.45,0.6377410468319559
1110,401.0,3.0,754.15,0.6186193485658726
1111,439.0,8.0,1346.95,0.6377410468319559
1112,402.0,4.0,835.45,0.6377410468319559
1113,401.0,3.0,754.15,0.6186193485658726
1114,402.0,4.0,835.45,0.6377410468319559
1115,323.0,2.0,588.05,0.5720664758097913
1116,434.0,4.0,1009.4,0.6186193485658726
1117,259.0,3.0,585.95,0.6186193485658726
1118,394.0,2.0,672.15,0.5720664758097913
1119,402.0,4.0,835.45,0.6377410468319559
1120,309.0,1.0,496.15,0.47478348547867266
1121,414.0,1.0,763.65,0.5165109202542357
1122,309.0,1.0,496.15,0.47478348547867266
1123,384.0,1.0,596.15,0.5165109202542357
1124,402.0,4.0,835.45,0.6377410468319559
1125,355.0,0.0,420.5,0.34227299735321126
1126,385.0,0.0,588.0,0.4192279299231171
1127,355.0,0.0,420.5,0.34227299735321126
1128,370.0,0.0,504.25,0.3476836097156953
1129,402.0,4.0,835.45,0.6377410468319559
1130,355.0,0.0,420.5,0.34227299735321126
1131,385.0,0.0,588.0,0.4192279299231171
1132,355.0,0.0,420.5,0.34227299735321126
1133,355.0,0.0,420.5,0.34227299735321126
1134,402.0,4.0,835.45,0.6377410468319559
1135,355.0,0.0,420.5,0.34227299735321126
1136,385.0,0.0,588.0,0.4192279299231171
1137,355.0,0.0,420.5,0.34227299735321126
1138,355.0,0.0,420.5,0.34227299735321126
1139,402.0,4.0,835.45,0.6377410468319559
1140,401.0,3.0,754.15,0.6186193485658726
1141,392.0,3.0,756.85,0.6186193485658726
1142,402.0,4.0,835.45,0.6377410468319559
1143,401.0,3.0,754.15,0.6186193485658726
1144,402.0,4.0,835.45,0.6377410468319559
1145,394.0,2.0,672.15,0.5720664758097913
1146,385.0,2.0,674.85,0.5720664758097913
1147,402.0,4.0,835.45,0.6377410468319559
1148,394.0,2.0,672.15,0.5720664758097913
1149,402.0,4.0,835.45,0.6377410468319559
1150,384.0,1.0,596.15,0.5165109202542357
1151,384.0,1.0,596.15,0.5165109202542357
1152,338.0,2.0,671.8,0.5720664758097913
1153,384.0,1.0,596.15,0.5165109202542357
1154,402.0,4.0,835.45,0.6377410468319559
1155,370.0,0.0,504.25,0.4145735429157889
1156,410.0,1.0,747.75,0.47478348547867266
1157,369.0,1.0,512.4,0.4395559876843299
1158,370.0,0.0,504.25,0.4145735429157889
1159,402.0,4.0,835.45,0.6377410468319559
1160,370.0,0.0,504.25,0.4192279299231171
1161,410.0,1.0,747.75,0.47478348547867266
1162,370.0,0.0,504.25,0.4192279299231171
1163,370.0,0.0,504.25,0.4192279299231171
1164,402.0,4.0,835.45,0.6377410468319559
1165,370.0,0.0,504.25,0.4192279299231171
1166,410.0,1.0,747.75,0.47478348547867266
1167,370.0,0.0,504.25,0.4192279299231171
1168,370.0,0.0,504.25,0.4192279299231171
1169,402.0,4.0,835.45,0.6377410468319559
1170,401.0,3.0,754.15,0.6186193485658726
1171,392.0,3.0,756.85,0.6186193485658726
1172,402.0,4.0,835.45,0.6377410468319559
1173,401.0,3.0,754.15,0.6186193485658726
1174,402.0,4.0,835.45,0.6377410468319559
1175,394.0,2.0,672.15,0.5720664758097913
1176,431.0,3.0,921.65,0.6186193485658726
1177,402.0,4.0,835.45,0.6377410468319559
1178,394.0,2.0,672.15,0.5720664758097913
1179,402.0,4.0,835.45,0.6377410468319559
1180,384.0,1.0,596.15,0.5165109202542357
1181,436.0,5.0,1094.6,0.6377410468319559
1182,402.0,4.0,835.45,0.6377410468319559
1183,384.0,1.0,596.15,0.5165109202542357
1184,402.0,4.0,835.45,0.6377410468319559
1185,370.0,0.0,504.25,0.4145735429157889
1186,438.0,7.0,1268.25,0.6377410468319559
1187,402.0,2.0,746.0,0.521336358234754
1188,370.0,0.0,504.25,0.4145735429157889
1189,402.0,4.0,835.45,0.6377410468319559
1190,370.0,0.0,504.25,0.4192279299231171
1191,438.0,7.0,1268.25,0.6377410468319559
1192,400.0,0.0,671.75,0.4192279299231171
1193,370.0,0.0,504.25,0.4192279299231171
1194,402.0,4.0,835.45,0.6377410468319559
1195,370.0,0.0,504.25,0.4192279299231171
1196,438.0,7.0,1268.25,0.6377410468319559
1197,400.0,0.0,671.75,0.4192279299231171
1198,370.0,0.0,504.25,0.4192279299231171
1199,402.0,4.0,835.45,0.6377410468319559
1200,401.0,3.0,754.15,0.6186193485658726
1201,439.0,8.0,1346.95,0.6377410468319559
1202,402.0,4.0,835.45,0.6377410468319559
1203,401.0,3.0,754.15,0.6186193485658726
1204,402.0,4.0,835.45,0.6377410468319559
1205,394.0,2.0,672.15,0.5720664758097913
1206,441.0,10.0,1506.95,0.5997497254181746
1207,402.0,4.0,835.45,0.6377410468319559
1208,394.0,2.0,672.15,0.5720664758097913
1209,402.0,4.0,835.45,0.6377410468319559
1210,384.0,1.0,596.15,0.5165109202542357
1211,441.0,10.0,1506.95,0.5997497254181746
1212,402.0,4.0,835.45,0.6377410468319559
1213,384.0,1.0,596.15,0.5165109202542357
1214,402.0,4.0,835.45,0.6377410468319559
1215,370.0,0.0,504.25,0.4145735429157889
1216,441.0,10.0,1506.95,0.5997497254181746
1217,431.0,3.0,921.65,0.6186193485658726
1218,370.0,0.0,504.25,0.4145735429157889
1219,402.0,4.0,835.45,0.6377410468319559
1220,370.0,0.0,504.25,0.4192279299231171
1221,441.0,10.0,1506.95,0.5997497254181746
1222,431.0,3.0,921.65,0.6186193485658726
1223,370.0,0.0,504.25,0.4192279299231171
1224,402.0,4.0,835.45,0.6377410468319559
1225,370.0,0.0,504.25,0.4192279299231171
1226,441.0,10.0,1506.95,0.5997497254181746
1227,431.0,3.0,921.65,0.6186193485658726
1228,370.0,0.0,504.25,0.4192279299231171
1229,402.0,4.0,835.45,0.6377410468319559
1230,401.0,3.0,754.15,0.6186193485658726
1231,441.0,10.0,1506.95,0.5997497254181746
1232,402.0,4.0,835.45,0.6377410468319559
1233,401.0,3.0,754.15,0.6186193485658726
1234,402.0,4.0,835.45,0.6377410468319559
1235,394.0,2.0,672.15,0.5720664758097913
1236,441.0,10.0,1506.95,0.5997497254181746
1237,402.0,4.0,835.45,0.6377410468319559
1238,394.0,2.0,672.15,0.5720664758097913
1239,402.0,4.0,835.45,0.6377410468319559
1240,384.0,1.0,596.15,0.5165109202542357
1241,441.0,10.0,1506.95,0.5997497254181746
1242,402.0,4.0,835.45,0.6377410468319559
1243,384.0,1.0,596.15,0.5165109202542357
1244,402.0,4.0,835.45,0.6377410468319559
1245,370.0,0.0,504.25,0.4145735429157889
1246,441.0,10.0,1506.95,0.5997497254181746
1247,437.0,6.0,1173.3,0.6377410468319559
1248,370.0,0.0,504.25,0.4145735429157889
1249,402.0,4.0,835.45,0.6377410468319559
1250,370.0,0.0,504.25,0.4192279299231171
1251,441.0,10.0,1506.95,0.5997497254181746
1252,437.0,6.0,1173.3,0.6377410468319559
1253,370.0,0.0,504.25,0.4192279299231171
1254,402.0,4.0,835.45,0.6377410468319559
1255,370.0,0.0,504.25,0.4192279299231171
1256,441.0,10.0,1506.95,0.5997497254181746
1257,437.0,6.0,1173.3,0.6377410468319559
1258,370.0,0.0,504.25,0.4192279299231171
1259,402.0,4.0,835.45,0.6377410468319559
1260,188.0,3.0,501.85,0.6186193485658726
1261,441.0,10.0,1506.95,0.6243180467779398
1262,188.0,3.0,501.85,0.6186193485658726
1263,402.0,4.0,835.45,0.6377410468319559
1264,402.0,4.0,835.45,0.6377410468319559
1265,242.0,1.0,427.95,0.5165109202542357
1266,437.0,6.0,1173.3,0.6377410468319559
1267,242.0,1.0,427.95,0.5165109202542357
1268,330.0,3.0,670.05,0.6186193485658726
1269,402.0,4.0,835.45,0.6377410468319559
1270,284.0,0.0,336.4,0.34227299735321126
1271,431.0,3.0,921.65,0.6186193485658726
1272,284.0,0.0,336.4,0.34227299735321126
1273,308.0,2.0,504.3,0.4951115432398855
1274,402.0,4.0,835.45,0.6377410468319559
1275,284.0,0.0,336.4,0.34227299735321126
1276,431.0,3.0,921.65,0.6186193485658726
1277,284.0,0.0,336.4,0.34227299735321126
1278,355.0,0.0,420.5,0.34227299735321126
1279,402.0,4.0,835.45,0.6377410468319559
1280,284.0,0.0,336.4,0.34227299735321126
1281,431.0,3.0,921.65,0.6186193485658726
1282,284.0,0.0,336.4,0.34227299735321126
1283,355.0,0.0,420.5,0.34227299735321126
1284,402.0,4.0,835.45,0.6377410468319559
1285,284.0,0.0,336.4,0.34227299735321126
1286,431.0,3.0,921.65,0.6186193485658726
1287,284.0,0.0,336.4,0.34227299735321126
1288,355.0,0.0,420.5,0.34227299735321126
1289,402.0,4.0,835.45,0.6377410468319559
1290,402.0,4.0,835.45,0.6377410468319559
1291,441.0,10.0,1506.95,0.5997497254181746
1292,402.0,4.0,835.45,0.6377410468319559
1293,402.0,4.0,835.45,0.6377410468319559
1294,402.0,4.0,835.45,0.6377410468319559
1295,259.0,3.0,585.95,0.6186193485658726
1296,434.0,4.0,1009.4,0.6186193485658726
1297,259.0,3.0,585.95,0.6186193485658726
1298,401.0,3.0,754.15,0.6186193485658726
1299,402.0,4.0,835.45,0.6377410468319559
1300,309.0,1.0,496.15,0.47478348547867266
1301,414.0,1.0,763.65,0.5165109202542357
1302,309.0,1.0,496.15,0.47478348547867266
1303,323.0,2.0,588.05,0.5720664758097913
1304,402.0,4.0,835.45,0.6377410468319559
1305,355.0,0.0,420.5,0.34227299735321126
1306,385.0,0.0,588.0,0.4192279299231171
1307,355.0,0.0,420.5,0.34227299735321126
1308,365.0,1.0,496.5,0.3978285529087668
1309,402.0,4.0,835.45,0.6377410468319559
1310,355.0,0.0,420.5,0.34227299735321126
1311,385.0,0.0,588.0,0.4192279299231171
1312,355.0,0.0,420.5,0.34227299735321126
1313,355.0,0.0,420.5,0.34227299735321126
1314,402.0,4.0,835.45,0.6377410468319559
1315,355.0,0.0,420.5,0.34227299735321126
1316,385.0,0.0,588.0,0.4192279299231171
1317,355.0,0.0,420.5,0.34227299735321126
1318,355.0,0.0,420.5,0.34227299735321126
1319,402.0,4.0,835.45,0.6377410468319559
1320,402.0,4.0,835.45,0.6377410468319559
1321,433.0,4.0,1006.85,0.6377410468319559
1322,402.0,4.0,835.45,0.6377410468319559
1323,402.0,4.0,835.45,0.6377410468319559
1324,402.0,4.0,835.45,0.6377410468319559
1325,401.0,3.0,754.15,0.6186193485658726
1326,425.0,3.0,920.95,0.5911881740758747
1327,402.0,4.0,835.45,0.6377410468319559
1328,401.0,3.0,754.15,0.6186193485658726
1329,402.0,4.0,835.45,0.6377410468319559
1330,338.0,2.0,671.8,0.5720664758097913
1331,394.0,2.0,672.15,0.552278579016547
1332,338.0,2.0,671.8,0.5720664758097913
1333,394.0,2.0,672.15,0.5720664758097913
1334,402.0,4.0,835.45,0.6377410468319559
1335,369.0,1.0,512.4,0.4395559876843299
1336,410.0,1.0,747.75,0.47478348547867266
1337,369.0,1.0,512.4,0.4395559876843299
1338,384.0,1.0,596.15,0.5165109202542357
1339,402.0,4.0,835.45,0.6377410468319559
1340,370.0,0.0,504.25,0.4192279299231171
1341,410.0,1.0,747.75,0.4571832406057005
1342,370.0,0.0,504.25,0.4192279299231171
1343,385.0,0.0,588.0,0.4145735429157889
1344,402.0,4.0,835.45,0.6377410468319559
1345,370.0,0.0,504.25,0.4192279299231171
1346,410.0,1.0,747.75,0.4571832406057005
1347,370.0,0.0,504.25,0.4192279299231171
1348,385.0,0.0,588.0,0.4145735429157889
1349,402.0,4.0,835.45,0.6377410468319559
1350,402.0,4.0,835.45,0.6377410468319559
1351,402.0,4.0,835.45,0.6377410468319559
1352,402.0,4.0,835.45,0.6377410468319559
1353,402.0,4.0,835.45,0.6377410468319559
1354,402.0,4.0,835.45,0.6377410468319559
1355,401.0,3.0,754.15,0.6186193485658726
1356,431.0,3.0,921.65,0.6186193485658726
1357,402.0,4.0,835.45,0.6377410468319559
1358,401.0,3.0,754.15,0.6186193485658726
1359,402.0,4.0,835.45,0.6377410468319559
1360,394.0,2.0,672.15,0.5720664758097913
1361,436.0,5.0,1094.6,0.6377410468319559
1362,402.0,4.0,835.45,0.6377410468319559
1363,394.0,2.0,672.15,0.5720664758097913
1364,402.0,4.0,835.45,0.6377410468319559
1365,399.0,1.0,679.9,0.5165109202542357
1366,436.0,5.0,1094.6,0.6377410468319559
1367,402.0,2.0,746.0,0.521336358234754
1368,399.0,1.0,679.9,0.5165109202542357
1369,402.0,4.0,835.45,0.6377410468319559
1370,400.0,0.0,671.75,0.4192279299231171
1371,436.0,5.0,1094.6,0.6377410468319559
1372,400.0,0.0,671.75,0.4192279299231171
1373,400.0,0.0,671.75,0.4192279299231171
1374,402.0,4.0,835.45,0.6377410468319559
1375,400.0,0.0,671.75,0.4192279299231171
1376,436.0,5.0,1094.6,0.6377410468319559
1377,400.0,0.0,671.75,0.4192279299231171
1378,400.0,0.0,671.75,0.4192279299231171
1379,402.0,4.0,835.45,0.6377410468319559
1380,402.0,4.0,835.45,0.6377410468319559
1381,439.0,8.0,1346.95,0.6377410468319559
1382,402.0,4.0,835.45,0.6377410468319559
1383,402.0,4.0,835.45,0.6377410468319559
1384,402.0,4.0,835.45,0.6377410468319559
1385,401.0,3.0,754.15,0.6186193485658726
1386,441.0,10.0,1506.95,0.5997497254181746
1387,402.0,4.0,835.45,0.6377410468319559
1388,401.0,3.0,754.15,0.6186193485658726
1389,402.0,4.0,835.45,0.6377410468319559
1390,394.0,2.0,672.15,0.5720664758097913
1391,441.0,10.0,1506.95,0.5997497254181746
1392,402.0,4.0,835.45,0.6377410468319559
1393,394.0,2.0,672.15,0.5720664758097913
1394,402.0,4.0,835.45,0.6377410468319559
1395,399.0,1.0,679.9,0.5165109202542357
1396,441.0,10.0,1506.95,0.5997497254181746
1397,431.0,3.0,921.65,0.6186193485658726
1398,399.0,1.0,679.9,0.5165109202542357
1399,402.0,4.0,835.45,0.6377410468319559
1400,400.0,0.0,671.75,0.4192279299231171
1401,441.0,10.0,1506.95,0.5997497254181746
1402,431.0,3.0,921.65,0.6186193485658726
1403,400.0,0.0,671.75,0.4192279299231171
1404,402.0,4.0,835.45,0.6377410468319559
1405,400.0,0.0,671.75,0.4192279299231171
1406,441.0,10.0,1506.95,0.5997497254181746
1407,431.0,3.0,921.65,0.6186193485658726
1408,400.0,0.0,671.75,0.4192279299231171
1409,402.0,4.0,835.45,0.6377410468319559
1410,402.0,4.0,835.45,0.6377410468319559
1411,441.0,10.0,1506.95,0.5997497254181746
1412,402.0,4.0,835.45,0.6377410468319559
1413,402.0,4.0,835.45,0.6377410468319559
1414,402.0,4.0,835.45,0.6377410468319559
1415,401.0,3.0,754.15,0.6186193485658726
1416,441.0,10.0,1506.95,0.5997497254181746
1417,402.0,4.0,835.45,0.6377410468319559
1418,401.0,3.0,754.15,0.6186193485658726
1419,402.0,4.0,835.45,0.6377410468319559
1420,394.0,2.0,672.15,0.5720664758097913
1421,441.0,10.0,1506.95,0.5997497254181746
1422,402.0,4.0,835.45,0.6377410468319559
1423,394.0,2.0,672.15,0.5720664758097913
1424,402.0,4.0,835.45,0.6377410468319559
1425,399.0,1.0,679.9,0.5165109202542357
1426,441.0,10.0,1506.95,0.5997497254181746
1427,437.0,6.0,1173.3,0.6377410468319559
1428,399.0,1.0,679.9,0.5165109202542357
1429,402.0,4.0,835.45,0.6377410468319559
1430,400.0,0.0,671.75,0.4192279299231171
1431,441.0,10.0,1506.95,0.5997497254181746
1432,437.0,6.0,1173.3,0.6377410468319559
1433,400.0,0.0,671.75,0.4192279299231171
1434,402.0,4.0,835.45,0.6377410468319559
1435,400.0,0.0,671.75,0.4192279299231171
1436,441.0,10.0,1506.95,0.5997497254181746
1437,437.0,6.0,1173.3,0.6377410468319559
1438,400.0,0.0,671.75,0.4192279299231171
1439,402.0,4.0,835.45,0.6377410468319559
1440,188.0,3.0,501.85,0.6186193485658726
1441,441.0,10.0,1506.95,0.6243180467779398
1442,188.0,3.0,501.85,0.6186193485658726
1443,402.0,4.0,835.45,0.6377410468319559
1444,402.0,4.0,835.45,0.6377410468319559
1445,242.0,1.0,427.95,0.5165109202542357
1446,437.0,6.0,1173.3,0.6377410468319559
1447,242.0,1.0,427.95,0.5165109202542357
1448,330.0,3.0,670.05,0.6186193485658726
1449,402.0,4.0,835.45,0.6377410468319559
1450,284.0,0.0,336.4,0.34227299735321126
1451,431.0,3.0,921.65,0.6186193485658726
1452,284.0,0.0,336.4,0.34227299735321126
1453,308.0,2.0,504.3,0.4951115432398855
1454,402.0,4.0,835.45,0.6377410468319559
1455,284.0,0.0,336.4,0.34227299735321126
1456,431.0,3.0,921.65,0.6186193485658726
1457,284.0,0.0,336.4,0.34227299735321126
1458,355.0,0.0,420.5,0.34227299735321126
1459,402.0,4.0,835.45,0.6377410468319559
1460,284.0,0.0,336.4,0.34227299735321126
1461,431.0,3.0,921.65,0.6186193485658726
1462,284.0,0.0,336.4,0.34227299735321126
1463,355.0,0.0,420.5,0.34227299735321126
1464,402.0,4.0,835.45,0.6377410468319559
1465,284.0,0.0,336.4,0.34227299735321126
1466,431.0,3.0,921.65,0.6186193485658726
1467,284.0,0.0,336.4,0.34227299735321126
1468,355.0,0.0,420.5,0.34227299735321126
1469,402.0,4.0,835.45,0.6377410468319559
1470,402.0,4.0,835.45,0.6377410468319559
1471,441.0,10.0,1506.95,0.5997497254181746
1472,402.0,4.0,835.45,0.6377410468319559
1473,402.0,4.0,835.45,0.6377410468319559
1474,402.0,4.0,835.45,0.6377410468319559
1475,259.0,3.0,585.95,0.6186193485658726
1476,434.0,4.0,1009.4,0.6186193485658726
1477,259.0,3.0,585.95,0.6186193485658726
1478,402.0,4.0,835.45,0.6377410468319559
1479,402.0,4.0,835.45,0.6377410468319559
1480,309.0,1.0,496.15,0.47478348547867266
1481,414.0,1.0,763.65,0.5165109202542357
1482,309.0,1.0,496.15,0.47478348547867266
1483,323.0,2.0,588.05,0.5720664758097913
1484,402.0,4.0,835.45,0.6377410468319559
1485,355.0,0.0,420.5,0.34227299735321126
1486,385.0,0.0,588.0,0.4192279299231171
1487,355.0,0.0,420.5,0.34227299735321126
1488,365.0,1.0,496.5,0.3978285529087668
1489,402.0,4.0,835.45,0.6377410468319559
1490,355.0,0.0,420.5,0.34227299735321126
1491,385.0,0.0,588.0,0.4192279299231171
1492,355.0,0.0,420.5,0.34227299735321126
1493,355.0,0.0,420.5,0.34227299735321126
1494,402.0,4.0,835.45,0.6377410468319559
1495,355.0,0.0,420.5,0.34227299735321126
1496,385.0,0.0,588.0,0.4192279299231171
1497,355.0,0.0,420.5,0.34227299735321126
1498,355.0,0.0,420.5,0.34227299735321126
1499,402.0,4.0,835.45,0.6377410468319559
1500,402.0,4.0,835.45,0.6377410468319559
1501,433.0,4.0,1006.85,0.6377410468319559
1502,402.0,4.0,835.45,0.6377410468319559
1503,402.0,4.0,835.45,0.6377410468319559
1504,402.0,4.0,835.45,0.6377410468319559
1505,402.0,4.0,835.45,0.6377410468319559
1506,436.0,5.0,1094.6,0.6377410468319559
1507,402.0,4.0,835.45,0.6377410468319559
1508,402.0,4.0,835.45,0.6377410468319559
1509,402.0,4.0,835.45,0.6377410468319559
1510,338.0,2.0,671.8,0.5720664758097913
1511,394.0,2.0,672.15,0.5720664758097913
1512,338.0,2.0,671.8,0.5720664758097913
1513,394.0,2.0,672.15,0.5720664758097913
1514,402.0,4.0,835.45,0.6377410468319559
1515,369.0,1.0,512.4,0.4395559876843299
1516,410.0,1.0,747.75,0.47478348547867266
1517,369.0,1.0,512.4,0.4395559876843299
1518,384.0,1.0,596.15,0.5165109202542357
1519,402.0,4.0,835.45,0.6377410468319559
1520,370.0,0.0,504.25,0.4192279299231171
1521,410.0,1.0,747.75,0.4571832406057005
1522,370.0,0.0,504.25,0.4192279299231171
1523,385.0,0.0,588.0,0.4145735429157889
1524,402.0,4.0,835.45,0.6377410468319559
1525,370.0,0.0,504.25,0.4192279299231171
1526,410.0,1.0,747.75,0.4571832406057005
1527,370.0,0.0,504.25,0.4192279299231171
1528,385.0,0.0,588.0,0.4145735429157889
1529,402.0,4.0,835.45,0.6377410468319559
1530,402.0,4.0,835.45,0.6377410468319559
1531,402.0,4.0,835.45,0.6377410468319559
1532,402.0,4.0,835.45,0.6377410468319559
1533,402.0,4.0,835.45,0.6377410468319559
1534,402.0,4.0,835.45,0.6377410468319559
1535,402.0,4.0,835.45,0.6377410468319559
1536,402.0,4.0,835.45,0.6377410468319559
1537,402.0,4.0,835.45,0.6377410468319559
1538,402.0,4.0,835.45,0.6377410468319559
1539,402.0,4.0,835.45,0.6377410468319559
1540,401.0,3.0,754.15,0.6186193485658726
1541,436.0,5.0,1094.6,0.6377410468319559
1542,402.0,4.0,835.45,0.6377410468319559
1543,401.0,3.0,754.15,0.6186193485658726
1544,402.0,4.0,835.45,0.6377410468319559
1545,402.0,2.0,746.0,0.521336358234754
1546,436.0,5.0,1094.6,0.6377410468319559
1547,402.0,2.0,746.0,0.521336358234754
1548,424.0,2.0,839.65,0.5720664758097913
1549,402.0,4.0,835.45,0.6377410468319559
1550,400.0,0.0,671.75,0.4192279299231171
1551,438.0,7.0,1261.65,0.6377410468319559
1552,400.0,0.0,671.75,0.4192279299231171
1553,424.0,2.0,839.65,0.5720664758097913
1554,402.0,4.0,835.45,0.6377410468319559
1555,400.0,0.0,671.75,0.4192279299231171
1556,438.0,7.0,1261.65,0.6377410468319559
1557,400.0,0.0,671.75,0.4192279299231171
1558,424.0,2.0,839.65,0.5720664758097913
1559,402.0,4.0,835.45,0.6377410468319559
1560,402.0,4.0,835.45,0.6377410468319559
1561,441.0,10.0,1506.95,0.5997497254181746
1562,402.0,4.0,835.45,0.6377410468319559
1563,402.0,4.0,835.45,0.6377410468319559
1564,402.0,4.0,835.45,0.6377410468319559
1565,402.0,4.0,835.45,0.6377410468319559
1566,441.0,10.0,1506.95,0.5997497254181746
1567,402.0,4.0,835.45,0.6377410468319559
1568,402.0,4.0,835.45,0.6377410468319559
1569,402.0,4.0,835.45,0.6377410468319559
1570,401.0,3.0,754.15,0.6186193485658726
1571,441.0,10.0,1506.95,0.5997497254181746
1572,402.0,4.0,835.45,0.6377410468319559
1573,401.0,3.0,754.15,0.6186193485658726
1574,402.0,4.0,835.45,0.6377410468319559
1575,424.0,2.0,839.65,0.5720664758097913
1576,441.0,10.0,1506.95,0.5997497254181746
1577,431.0,3.0,921.65,0.6186193485658726
1578,424.0,2.0,839.65,0.5720664758097913
1579,402.0,4.0,835.45,0.6377410468319559
1580,424.0,2.0,839.65,0.5720664758097913
1581,441.0,10.0,1506.95,0.5997497254181746
1582,431.0,3.0,921.65,0.6186193485658726
1583,424.0,2.0,839.65,0.5720664758097913
1584,402.0,4.0,835.45,0.6377410468319559
1585,424.0,2.0,839.65,0.5720664758097913
1586,441.0,10.0,1506.95,0.5997497254181746
1587,431.0,3.0,921.65,0.6186193485658726
1588,424.0,2.0,839.65,0.5720664758097913
1589,402.0,4.0,835.45,0.6377410468319559
1590,402.0,4.0,835.45,0.6377410468319559
1591,441.0,10.0,1506.95,0.5997497254181746
1592,402.0,4.0,835.45,0.6377410468319559
1593,402.0,4.0,835.45,0.6377410468319559
1594,402.0,4.0,835.45,0.6377410468319559
1595,402.0,4.0,835.45,0.6377410468319559
1596,441.0,10.0,1506.95,0.5997497254181746
1597,402.0,4.0,835.45,0.6377410468319559
1598,402.0,4.0,835.45,0.6377410468319559
1599,402.0,4.0,835.45,0.6377410468319559
1600,401.0,3.0,754.15,0.6186193485658726
1601,441.0,10.0,1506.95,0.5997497254181746
1602,402.0,4.0,835.45,0.6377410468319559
1603,401.0,3.0,754.15,0.6186193485658726
1604,402.0,4.0,835.45,0.6377410468319559
1605,424.0,2.0,839.65,0.5720664758097913
1606,441.0,10.0,1506.95,0.5997497254181746
1607,437.0,6.0,1173.3,0.6377410468319559
1608,424.0,2.0,839.65,0.5720664758097913
1609,402.0,4.0,835.45,0.6377410468319559
1610,424.0,2.0,839.65,0.5720664758097913
1611,441.0,10.0,1506.95,0.5997497254181746
1612,437.0,6.0,1173.3,0.6377410468319559
1613,424.0,2.0,839.65,0.5720664758097913
1614,402.0,4.0,835.45,0.6377410468319559
1615,424.0,2.0,839.65,0.5720664758097913
1616,441.0,10.0,1506.95,0.5997497254181746
1617,437.0,6.0,1173.3,0.6377410468319559
1618,424.0,2.0,839.65,0.5720664758097913
1619,402.0,4.0,835.45,0.6377410468319559
1620,188.0,3.0,501.85,0.6186193485658726
1621,441.0,10.0,1506.95,0.6243180467779398
1622,188.0,3.0,501.85,0.6186193485658726
1623,402.0,4.0,835.45,0.6377410468319559
1624,402.0,4.0,835.45,0.6377410468319559
1625,242.0,1.0,427.95,0.5165109202542357
1626,437.0,6.0,1173.3,0.6377410468319559
1627,242.0,1.0,427.95,0.5165109202542357
1628,330.0,3.0,670.05,0.6186193485658726
1629,402.0,4.0,835.45,0.6377410468319559
1630,284.0,0.0,336.4,0.34227299735321126
1631,431.0,3.0,921.65,0.6186193485658726
1632,284.0,0.0,336.4,0.34227299735321126
1633,308.0,2.0,504.3,0.4951115432398855
1634,402.0,4.0,835.45,0.6377410468319559
1635,284.0,0.0,336.4,0.34227299735321126
1636,431.0,3.0,921.65,0.6186193485658726
1637,284.0,0.0,336.4,0.34227299735321126
1638,355.0,0.0,420.5,0.34227299735321126
1639,402.0,4.0,835.45,0.6377410468319559
1640,284.0,0.0,336.4,0.34227299735321126
1641,431.0,3.0,921.65,0.6186193485658726
1642,284.0,0.0,336.4,0.34227299735321126
1643,355.0,0.0,420.5,0.34227299735321126
1644,402.0,4.0,835.45,0.6377410468319559
1645,284.0,0.0,336.4,0.34227299735321126
1646,431.0,3.0,921.65,0.6186193485658726
1647,284.0,0.0,336.4,0.34227299735321126
1648,355.0,0.0,420.5,0.34227299735321126
1649,402.0,4.0,835.45,0.6377410468319559
1650,402.0,4.0,835.45,0.6377410468319559
1651,441.0,10.0,1506.95,0.5997497254181746
1652,402.0,4.0,835.45,0.6377410468319559
1653,402.0,4.0,835.45,0.6377410468319559
1654,402.0,4.0,835.45,0.6377410468319559
1655,259.0,3.0,585.95,0.6186193485658726
1656,434.0,4.0,1009.4,0.6186193485658726
1657,259.0,3.0,585.95,0.6186193485658726
1658,402.0,4.0,835.45,0.6377410468319559
1659,402.0,4.0,835.45,0.6377410468319559
1660,309.0,1.0,496.15,0.47478348547867266
1661,414.0,1.0,763.65,0.5165109202542357
1662,309.0,1.0,496.15,0.47478348547867266
1663,323.0,2.0,588.05,0.5720664758097913
1664,402.0,4.0,835.45,0.6377410468319559
1665,355.0,0.0,420.5,0.34227299735321126
1666,385.0,0.0,588.0,0.4192279299231171
1667,355.0,0.0,420.5,0.34227299735321126
1668,365.0,1.0,496.5,0.3978285529087668
1669,402.0,4.0,835.45,0.6377410468319559
1670,355.0,0.0,420.5,0.34227299735321126
1671,385.0,0.0,588.0,0.4192279299231171
1672,355.0,0.0,420.5,0.34227299735321126
1673,355.0,0.0,420.5,0.34227299735321126
1674,402.0,4.0,835.45,0.6377410468319559
1675,355.0,0.0,420.5,0.34227299735321126
1676,385.0,0.0,588.0,0.4192279299231171
1677,355.0,0.0,420.5,0.34227299735321126
1678,355.0,0.0,420.5,0.34227299735321126
1679,402.0,4.0,835.45,0.6377410468319559
1680,402.0,4.0,835.45,0.6377410468319559
1681,433.0,4.0,1006.85,0.6377410468319559
1682,402.0,4.0,835.45,0.6377410468319559
1683,402.0,4.0,835.45,0.6377410468319559
1684,402.0,4.0,835.45,0.6377410468319559
1685,402.0,4.0,835.45,0.6377410468319559
1686,436.0,5.0,1094.6,0.6377410468319559
1687,402.0,4.0,835.45,0.6377410468319559
1688,402.0,4.0,835.45,0.6377410468319559
1689,402.0,4.0,835.45,0.6377410468319559
1690,338.0,2.0,671.8,0.5720664758097913
1691,394.0,2.0,672.15,0.5720664758097913
1692,338.0,2.0,671.8,0.5720664758097913
1693,394.0,2.0,672.15,0.5720664758097913
1694,402.0,4.0,835.45,0.6377410468319559
1695,369.0,1.0,512.4,0.4395559876843299
1696,410.0,1.0,747.75,0.47478348547867266
1697,369.0,1.0,512.4,0.4395559876843299
1698,384.0,1.0,596.15,0.5165109202542357
1699,402.0,4.0,835.45,0.6377410468319559
1700,370.0,0.0,504.25,0.4192279299231171
1701,410.0,1.0,747.75,0.4571832406057005
1702,370.0,0.0,504.25,0.4192279299231171
1703,385.0,0.0,588.0,0.4145735429157889
1704,402.0,4.0,835.45,0.6377410468319559
1705,370.0,0.0,504.25,0.4192279299231171
1706,410.0,1.0,747.75,0.4571832406057005
1707,370.0,0.0,504.25,0.4192279299231171
1708,385.0,0.0,588.0,0.4145735429157889
1709,402.0,4.0,835.45,0.6377410468319559
1710,402.0,4.0,835.45,0.6377410468319559
1711,402.0,4.0,835.45,0.6377410468319559
1712,402.0,4.0,835.45,0.6377410468319559
1713,402.0,4.0,835.45,0.6377410468319559
1714,402.0,4.0,835.45,0.6377410468319559
1715,402.0,4.0,835.45,0.6377410468319559
1716,402.0,4.0,835.45,0.6377410468319559
1717,402.0,4.0,835.45,0.6377410468319559
1718,402.0,4.0,835.45,0.6377410468319559
1719,402.0,4.0,835.45,0.6377410468319559
1720,402.0,4.0,835.45,0.6377410468319559
1721,431.0,3.0,921.65,0.5875961036388844
1722,402.0,4.0,835.45,0.6377410468319559
1723,402.0,4.0,835.45,0.6377410468319559
1724,402.0,4.0,835.45,0.6377410468319559
1725,402.0,2.0,746.0,0.521336358234754
1726,437.0,6.0,1173.3,0.6377410468319559
1727,402.0,2.0,746.0,0.521336358234754
1728,424.0,2.0,839.65,0.5720664758097913
1729,402.0,4.0,835.45,0.6377410468319559
1730,400.0,0.0,671.75,0.4192279299231171
1731,440.0,9.0,1418.6,0.6377410468319559
1732,400.0,0.0,671.75,0.4192279299231171
1733,424.0,2.0,839.65,0.5720664758097913
1734,402.0,4.0,835.45,0.6377410468319559
1735,400.0,0.0,671.75,0.4192279299231171
1736,440.0,9.0,1418.6,0.6377410468319559
1737,400.0,0.0,671.75,0.4192279299231171
1738,424.0,2.0,839.65,0.5720664758097913
1739,402.0,4.0,835.45,0.6377410468319559
1740,402.0,4.0,835.45,0.6377410468319559
1741,441.0,10.0,1506.95,0.5997497254181746
1742,402.0,4.0,835.45,0.6377410468319559
1743,402.0,4.0,835.45,0.6377410468319559
1744,402.0,4.0,835.45,0.6377410468319559
1745,402.0,4.0,835.45,0.6377410468319559
1746,441.0,10.0,1506.95,0.5997497254181746
1747,402.0,4.0,835.45,0.6377410468319559
1748,402.0,4.0,835.45,0.6377410468319559
1749,402.0,4.0,835.45,0.6377410468319559
1750,402.0,4.0,835.45,0.6377410468319559
1751,441.0,10.0,1506.95,0.5997497254181746
1752,402.0,4.0,835.45,0.6377410468319559
1753,402.0,4.0,835.45,0.6377410468319559
1754,402.0,4.0,835.45,0.6377410468319559
1755,431.0,3.0,921.65,0.6186193485658726
1756,441.0,10.0,1506.95,0.5997497254181746
1757,431.0,3.0,921.65,0.6186193485658726
1758,434.0,4.0,1009.4,0.6186193485658726
1759,402.0,4.0,835.45,0.6377410468319559
1760,431.0,3.0,921.65,0.6186193485658726
1761,441.0,10.0,1506.95,0.5997497254181746
1762,431.0,3.0,921.65,0.6186193485658726
1763,434.0,4.0,1009.4,0.6186193485658726
1764,402.0,4.0,835.45,0.6377410468319559
1765,431.0,3.0,921.65,0.6186193485658726
1766,441.0,10.0,1506.95,0.5997497254181746
1767,431.0,3.0,921.65,0.6186193485658726
1768,434.0,4.0,1009.4,0.6186193485658726
1769,402.0,4.0,835.45,0.6377410468319559
1770,402.0,4.0,835.45,0.6377410468319559
1771,441.0,10.0,1506.95,0.5997497254181746
1772,402.0,4.0,835.45,0.6377410468319559
1773,402.0,4.0,835.45,0.6377410468319559
1774,402.0,4.0,835.45,0.6377410468319559
1775,402.0,4.0,835.45,0.6377410468319559
1776,441.0,10.0,1506.95,0.5997497254181746
1777,402.0,4.0,835.45,0.6377410468319559
1778,402.0,4.0,835.45,0.6377410468319559
1779,402.0,4.0,835.45,0.6377410468319559
1780,402.0,4.0,835.45,0.6377410468319559
1781,441.0,10.0,1506.95,0.5997497254181746
1782,402.0,4.0,835.45,0.6377410468319559
1783,402.0,4.0,835.45,0.6377410468319559
1784,402.0,4.0,835.45,0.6377410468319559
1785,434.0,4.0,1009.4,0.6186193485658726
1786,441.0,10.0,1506.95,0.5997497254181746
1787,437.0,6.0,1173.3,0.6377410468319559
1788,434.0,4.0,1009.4,0.6186193485658726
1789,402.0,4.0,835.45,0.6377410468319559
1790,434.0,4.0,1009.4,0.6186193485658726
1791,441.0,10.0,1506.95,0.5997497254181746
1792,437.0,6.0,1173.3,0.6377410468319559
1793,434.0,4.0,1009.4,0.6186193485658726
1794,402.0,4.0,835.45,0.6377410468319559
1795,434.0,4.0,1009.4,0.6186193485658726
1796,441.0,10.0,1506.95,0.5997497254181746
1797,437.0,6.0,1173.3,0.6377410468319559
1798,434.0,4.0,1009.4,0.6186193485658726
1799,402.0,4.0,835.45,0.6377410468319559
1800,188.0,3.0,501.85,0.6186193485658726
1801,441.0,10.0,1506.95,0.6243180467779398
1802,188.0,3.0,501.85,0.6186193485658726
1803,402.0,4.0,835.45,0.6377410468319559
1804,402.0,4.0,835.45,0.6377410468319559
1805,242.0,1.0,427.95,0.5165109202542357
1806,437.0,6.0,1173.3,0.6377410468319559
1807,242.0,1.0,427.95,0.5165109202542357
1808,330.0,3.0,670.05,0.6186193485658726
1809,402.0,4.0,835.45,0.6377410468319559
1810,284.0,0.0,336.4,0.34227299735321126
1811,431.0,3.0,921.65,0.6186193485658726
1812,284.0,0.0,336.4,0.34227299735321126
1813,308.0,2.0,504.3,0.4951115432398855
1814,402.0,4.0,835.45,0.6377410468319559
1815,284.0,0.0,336.4,0.34227299735321126
1816,431.0,3.0,921.65,0.6186193485658726
1817,284.0,0.0,336.4,0.34227299735321126
1818,355.0,0.0,420.5,0.34227299735321126
1819,402.0,4.0,835.45,0.6377410468319559
1820,284.0,0.0,336.4,0.34227299735321126
1821,431.0,3.0,921.65,0.6186193485658726
1822,284.0,0.0,336.4,0.34227299735321126
1823,355.0,0.0,420.5,0.34227299735321126
1824,402.0,4.0,835.45,0.6377410468319559
1825,284.0,0.0,336.4,0.34227299735321126
1826,431.0,3.0,921.65,0.6186193485658726
1827,284.0,0.0,336.4,0.34227299735321126
1828,355.0,0.0,420.5,0.34227299735321126
1829,402.0,4.0,835.45,0.6377410468319559
1830,402.0,4.0,835.45,0.6377410468319559
1831,441.0,10.0,1506.95,0.5997497254181746
1832,402.0,4.0,835.45,0.6377410468319559
1833,402.0,4.0,835.45,0.6377410468319559
1834,402.0,4.0,835.45,0.6377410468319559
1835,259.0,3.0,585.95,0.6186193485658726
1836,434.0,4.0,1009.4,0.6186193485658726
1837,259.0,3.0,585.95,0.6186193485658726
1838,402.0,4.0,835.45,0.6377410468319559
1839,402.0,4.0,835.45,0.6377410468319559
1840,309.0,1.0,496.15,0.47478348547867266
1841,414.0,1.0,763.65,0.5165109202542357
1842,309.0,1.0,496.15,0.47478348547867266
1843,323.0,2.0,588.05,0.5720664758097913
1844,402.0,4.0,835.45,0.6377410468319559
1845,355.0,0.0,420.5,0.34227299735321126
1846,385.0,0.0,588.0,0.4192279299231171
1847,355.0,0.0,420.5,0.34227299735321126
1848,365.0,1.0,496.5,0.3978285529087668
1849,402.0,4.0,835.45,0.6377410468319559
1850,355.0,0.0,420.5,0.34227299735321126
1851,385.0,0.0,588.0,0.4192279299231171
1852,355.0,0.0,420.5,0.34227299735321126
1853,355.0,0.0,420.5,0.34227299735321126
1854,402.0,4.0,835.45,0.6377410468319559
1855,355.0,0.0,420.5,0.34227299735321126
1856,385.0,0.0,588.0,0.4192279299231171
1857,355.0,0.0,420.5,0.34227299735321126
1858,355.0,0.0,420.5,0.34227299735321126
1859,402.0,4.0,835.45,0.6377410468319559
1860,402.0,4.0,835.45,0.6377410468319559
1861,433.0,4.0,1006.85,0.6377410468319559
1862,402.0,4.0,835.45,0.6377410468319559
1863,402.0,4.0,835.45,0.6377410468319559
1864,402.0,4.0,835.45,0.6377410468319559
1865,402.0,4.0,835.45,0.6377410468319559
1866,436.0,5.0,1094.6,0.6377410468319559
1867,402.0,4.0,835.45,0.6377410468319559
1868,402.0,4.0,835.45,0.6377410468319559
1869,402.0,4.0,835.45,0.6377410468319559
1870,338.0,2.0,671.8,0.5720664758097913
1871,394.0,2.0,672.15,0.5720664758097913
1872,338.0,2.0,671.8,0.5720664758097913
1873,394.0,2.0,672.15,0.5720664758097913
1874,402.0,4.0,835.45,0.6377410468319559
1875,369.0,1.0,512.4,0.4395559876843299
1876,410.0,1.0,747.75,0.47478348547867266
1877,369.0,1.0,512.4,0.4395559876843299
1878,384.0,1.0,596.15,0.5165109202542357
1879,402.0,4.0,835.45,0.6377410468319559
1880,370.0,0.0,504.25,0.4192279299231171
1881,410.0,1.0,747.75,0.4571832406057005
1882,370.0,0.0,504.25,0.4192279299231171
1883,385.0,0.0,588.0,0.4145735429157889
1884,402.0,4.0,835.45,0.6377410468319559
1885,370.0,0.0,504.25,0.4192279299231171
1886,410.0,1.0,747.75,0.4571832406057005
1887,370.0,0.0,504.25,0.4192279299231171
1888,385.0,0.0,588.0,0.4145735429157889
1889,402.0,4.0,835.45,0.6377410468319559
1890,402.0,4.0,835.45,0.6377410468319559
1891,402.0,4.0,835.45,0.6377410468319559
1892,402.0,4.0,835.45,0.6377410468319559
1893,402.0,4.0,835.45,0.6377410468319559
1894,402.0,4.0,835.45,0.6377410468319559
1895,402.0,4.0,835.45,0.6377410468319559
1896,402.0,4.0,835.45,0.6377410468319559
1897,402.0,4.0,835.45,0.6377410468319559
1898,402.0,4.0,835.45,0.6377410468319559
1899,402.0,4.0,835.45,0.6377410468319559
1900,402.0,4.0,835.45,0.6377410468319559
1901,431.0,3.0,921.65,0.5875961036388844
1902,402.0,4.0,835.45,0.6377410468319559
1903,402.0,4.0,835.45,0.6377410468319559
1904,402.0,4.0,835.45,0.6377410468319559
1905,402.0,2.0,746.0,0.521336358234754
1906,437.0,6.0,1173.3,0.6377410468319559
1907,402.0,2.0,746.0,0.521336358234754
1908,424.0,2.0,839.65,0.5720664758097913
1909,402.0,4.0,835.45,0.6377410468319559
1910,400.0,0.0,671.75,0.4192279299231171
1911,440.0,9.0,1418.6,0.6377410468319559
1912,400.0,0.0,671.75,0.4192279299231171
1913,424.0,2.0,839.65,0.5720664758097913
1914,402.0,4.0,835.45,0.6377410468319559
1915,400.0,0.0,671.75,0.4192279299231171
1916,440.0,9.0,1418.6,0.6377410468319559
1917,400.0,0.0,671.75,0.4192279299231171
1918,424.0,2.0,839.65,0.5720664758097913
1919,402.0,4.0,835.45,0.6377410468319559
1920,402.0,4.0,835.45,0.6377410468319559
1921,441.0,10.0,1506.95,0.5997497254181746
1922,402.0,4.0,835.45,0.6377410468319559
1923,402.0,4.0,835.45,0.6377410468319559
1924,402.0,4.0,835.45,0.6377410468319559
1925,402.0,4.0,835.45,0.6377410468319559
1926,441.0,10.0,1506.95,0.5997497254181746
1927,402.0,4.0,835.45,0.6377410468319559
1928,402.0,4.0,835.45,0.6377410468319559
1929,402.0,4.0,835.45,0.6377410468319559
1930,402.0,4.0,835.45,0.6377410468319559
1931,441.0,10.0,1506.95,0.5997497254181746
1932,402.0,4.0,835.45,0.6377410468319559
1933,402.0,4.0,835.45,0.6377410468319559
1934,402.0,4.0,835.45,0.6377410468319559
1935,431.0,3.0,921.65,0.6186193485658726
1936,441.0,10.0,1506.95,0.5997497254181746
1937,431.0,3.0,921.65,0.6186193485658726
1938,437.0,6.0,1175.9,0.6377410468319559
1939,402.0,4.0,835.45,0.6377410468319559
1940,431.0,3.0,921.65,0.6186193485658726
1941,441.0,10.0,1506.95,0.5997497254181746
1942,431.0,3.0,921.65,0.6186193485658726
1943,437.0,6.0,1175.9,0.6377410468319559
1944,402.0,4.0,835.45,0.6377410468319559
1945,431.0,3.0,921.65,0.6186193485658726
1946,441.0,10.0,1506.95,0.5997497254181746
1947,431.0,3.0,921.65,0.6186193485658726
1948,437.0,6.0,1175.9,0.6377410468319559
1949,402.0,4.0,835.45,0.6377410468319559
1950,402.0,4.0,835.45,0.6377410468319559
1951,441.0,10.0,1506.95,0.5997497254181746
1952,402.0,4.0,835.45,0.6377410468319559
1953,402.0,4.0,835.45,0.6377410468319559
1954,402.0,4.0,835.45,0.6377410468319559
1955,402.0,4.0,835.45,0.6377410468319559
1956,441.0,10.0,1506.95,0.5997497254181746
1957,402.0,4.0,835.45,0.6377410468319559
1958,402.0,4.0,835.45,0.6377410468319559
1959,402.0,4.0,835.45,0.6377410468319559
1960,402.0,4.0,835.45,0.6377410468319559
1961,441.0,10.0,1506.95,0.5997497254181746
1962,402.0,4.0,835.45,0.6377410468319559
1963,402.0,4.0,835.45,0.6377410468319559
1964,402.0,4.0,835.45,0.6377410468319559
1965,437.0,6.0,1175.9,0.6377410468319559
1966,441.0,10.0,1506.95,0.5997497254181746
1967,437.0,6.0,1173.3,0.6377410468319559
1968,437.0,6.0,1175.9,0.6377410468319559
1969,402.0,4.0,835.45,0.6377410468319559
1970,437.0,6.0,1175.9,0.6377410468319559
1971,441.0,10.0,1506.95,0.5997497254181746
1972,437.0,6.0,1173.3,0.6377410468319559
1973,437.0,6.0,1175.9,0.6377410468319559
1974,402.0,4.0,835.45,0.6377410468319559
1975,437.0,6.0,1175.9,0.6377410468319559
1976,441.0,10.0,1506.95,0.5997497254181746
1977,437.0,6.0,1173.3,0.6377410468319559
1978,437.0,6.0,1175.9,0.6377410468319559
1979,402.0,4.0,835.45,0.6377410468319559
1980,188.0,3.0,501.85,0.6186193485658726
1981,441.0,10.0,1506.95,0.6243180467779398
1982,188.0,3.0,501.85,0.6186193485658726
1983,402.0,4.0,835.45,0.6377410468319559
1984,402.0,4.0,835.45,0.6377410468319559
1985,242.0,1.0,427.95,0.5165109202542357
1986,437.0,6.0,1173.3,0.6377410468319559
1987,242.0,1.0,427.95,0.5165109202542357
1988,330.0,3.0,670.05,0.6186193485658726
1989,402.0,4.0,835.45,0.6377410468319559
1990,284.0,0.0,336.4,0.34227299735321126
1991,431.0,3.0,921.65,0.6186193485658726
1992,284.0,0.0,336.4,0.34227299735321126
1993,308.0,2.0,504.3,0.4951115432398855
1994,402.0,4.0,835.45,0.6377410468319559
1995,284.0,0.0,336.4,0.34227299735321126
1996,431.0,3.0,921.65,0.6186193485658726
1997,284.0,0.0,336.4,0.34227299735321126
1998,355.0,0.0,420.5,0.34227299735321126
1999,402.0,4.0,835.45,0.6377410468319559
2000,284.0,0.0,336.4,0.34227299735321126
2001,431.0,3.0,921.65,0.6186193485658726
2002,284.0,0.0,336.4,0.34227299735321126
2003,355.0,0.0,420.5,0.34227299735321126
2004,402.0,4.0,835.45,0.6377410468319559
2005,284.0,0.0,336.4,0.34227299735321126
2006,431.0,3.0,921.65,0.6186193485658726
2007,284.0,0.0,336.4,0.34227299735321126
2008,355.0,0.0,420.5,0.34227299735321126
2009,402.0,4.0,835.45,0.6377410468319559
2010,402.0,4.0,835.45,0.6377410468319559
2011,441.0,10.0,1506.95,0.5997497254181746
2012,402.0,4.0,835.45,0.6377410468319559
2013,402.0,4.0,835.45,0.6377410468319559
2014,402.0,4.0,835.45,0.6377410468319559
2015,259.0,3.0,585.95,0.6186193485658726
2016,434.0,4.0,1009.4,0.6186193485658726
2017,259.0,3.0,585.95,0.6186193485658726
2018,402.0,4.0,835.45,0.6377410468319559
2019,402.0,4.0,835.45,0.6377410468319559
2020,309.0,1.0,496.15,0.47478348547867266
2021,414.0,1.0,763.65,0.5165109202542357
2022,309.0,1.0,496.15,0.47478348547867266
2023,323.0,2.0,588.05,0.5720664758097913
2024,402.0,4.0,835.45,0.6377410468319559
2025,355.0,0.0,420.5,0.34227299735321126
2026,385.0,0.0,588.0,0.4192279299231171
2027,355.0,0.0,420.5,0.34227299735321126
2028,365.0,1.0,496.5,0.3978285529087668
2029,402.0,4.0,835.45,0.6377410468319559
2030,355.0,0.0,420.5,0.34227299735321126
2031,385.0,0.0,588.0,0.4192279299231171
2032,355.0,0.0,420.5,0.34227299735321126
2033,355.0,0.0,420.5,0.34227299735321126
2034,402.0,4.0,835.45,0.6377410468319559
2035,355.0,0.0,420.5,0.34227299735321126
2036,385.0,0.0,588.0,0.4192279299231171
2037,355.0,0.0,420.5,0.34227299735321126
2038,355.0,0.0,420.5,0.34227299735321126
2039,402.0,4.0,835.45,0.6377410468319559
2040,402.0,4.0,835.45,0.6377410468319559
2041,433.0,4.0,1006.85,0.6377410468319559
2042,402.0,4.0,835.45,0.6377410468319559
2043,402.0,4.0,835.45,0.6377410468319559
2044,402.0,4.0,835.45,0.6377410468319559
2045,402.0,4.0,835.45,0.6377410468319559
2046,436.0,5.0,1094.6,0.6377410468319559
2047,402.0,4.0,835.45,0.6377410468319559
2048,402.0,4.0,835.45,0.6377410468319559
2049,402.0,4.0,835.45,0.6377410468319559
2050,338.0,2.0,671.8,0.5720664758097913
2051,394.0,2.0,672.15,0.552278579016547
2052,338.0,2.0,671.8,0.5720664758097913
2053,394.0,2.0,672.15,0.5720664758097913
2054,402.0,4.0,835.45,0.6377410468319559
2055,369.0,1.0,512.4,0.4395559876843299
2056,410.0,1.0,747.75,0.47478348547867266
2057,369.0,1.0,512.4,0.4395559876843299
2058,384.0,1.0,596.15,0.5165109202542357
2059,402.0,4.0,835.45,0.6377410468319559
2060,370.0,0.0,504.25,0.4192279299231171
2061,410.0,1.0,747.75,0.4571832406057005
2062,370.0,0.0,504.25,0.4192279299231171
2063,385.0,0.0,588.0,0.4145735429157889
2064,402.0,4.0,835.45,0.6377410468319559
2065,370.0,0.0,504.25,0.4192279299231171
2066,410.0,1.0,747.75,0.4571832406057005
2067,370.0,0.0,504.25,0.4192279299231171
2068,385.0,0.0,588.0,0.4145735429157889
2069,402.0,4.0,835.45,0.6377410468319559
2070,402.0,4.0,835.45,0.6377410468319559
2071,402.0,4.0,835.45,0.6377410468319559
2072,402.0,4.0,835.45,0.6377410468319559
2073,402.0,4.0,835.45,0.6377410468319559
2074,402.0,4.0,835.45,0.6377410468319559
2075,402.0,4.0,835.45,0.6377410468319559
2076,402.0,4.0,835.45,0.6377410468319559
2077,402.0,4.0,835.45,0.6377410468319559
2078,402.0,4.0,835.45,0.6377410468319559
2079,402.0,4.0,835.45,0.6377410468319559
2080,402.0,4.0,835.45,0.6377410468319559
2081,431.0,3.0,921.65,0.5875961036388844
2082,402.0,4.0,835.45,0.6377410468319559
2083,402.0,4.0,835.45,0.6377410468319559
2084,402.0,4.0,835.45,0.6377410468319559
2085,402.0,2.0,746.0,0.521336358234754
2086,437.0,6.0,1173.3,0.6377410468319559
2087,402.0,2.0,746.0,0.521336358234754
2088,424.0,2.0,839.65,0.5720664758097913
2089,402.0,4.0,835.45,0.6377410468319559
2090,400.0,0.0,671.75,0.4192279299231171
2091,440.0,9.0,1418.6,0.6377410468319559
2092,400.0,0.0,671.75,0.4192279299231171
2093,424.0,2.0,839.65,0.5720664758097913
2094,402.0,4.0,835.45,0.6377410468319559
2095,400.0,0.0,671.75,0.4192279299231171
2096,440.0,9.0,1418.6,0.6377410468319559
2097,400.0,0.0,671.75,0.4192279299231171
2098,424.0,2.0,839.65,0.5720664758097913
2099,402.0,4.0,835.45,0.6377410468319559
2100,402.0,4.0,835.45,0.6377410468319559
2101,441.0,10.0,1506.95,0.5997497254181746
2102,402.0,4.0,835.45,0.6377410468319559
2103,402.0,4.0,835.45,0.6377410468319559
2104,402.0,4.0,835.45,0.6377410468319559
2105,402.0,4.0,835.45,0.6377410468319559
2106,441.0,10.0,1506.95,0.5997497254181746
2107,402.0,4.0,835.45,0.6377410468319559
2108,402.0,4.0,835.45,0.6377410468319559
2109,402.0,4.0,835.45,0.6377410468319559
2110,402.0,4.0,835.45,0.6377410468319559
2111,441.0,10.0,1506.95,0.5997497254181746
2112,402.0,4.0,835.45,0.6377410468319559
2113,402.0,4.0,835.45,0.6377410468319559
2114,402.0,4.0,835.45,0.6377410468319559
2115,431.0,3.0,921.65,0.6186193485658726
2116,441.0,10.0,1506.95,0.5997497254181746
2117,431.0,3.0,921.65,0.6186193485658726
2118,437.0,6.0,1173.3,0.6377410468319559
2119,402.0,4.0,835.45,0.6377410468319559
2120,431.0,3.0,921.65,0.6186193485658726
2121,441.0,10.0,1506.95,0.5997497254181746
2122,431.0,3.0,921.65,0.6186193485658726
2123,437.0,6.0,1173.3,0.6377410468319559
2124,402.0,4.0,835.45,0.6377410468319559
2125,431.0,3.0,921.65,0.6186193485658726
2126,441.0,10.0,1506.95,0.5997497254181746
2127,431.0,3.0,921.65,0.6186193485658726
2128,437.0,6.0,1173.3,0.6377410468319559
2129,402.0,4.0,835.45,0.6377410468319559
2130,402.0,4.0,835.45,0.6377410468319559
2131,441.0,10.0,1506.95,0.5997497254181746
2132,402.0,4.0,835.45,0.6377410468319559
2133,402.0,4.0,835.45,0.6377410468319559
2134,402.0,4.0,835.45,0.6377410468319559
2135,402.0,4.0,835.45,0.6377410468319559
2136,441.0,10.0,1506.95,0.5997497254181746
2137,402.0,4.0,835.45,0.6377410468319559
2138,402.0,4.0,835.45,0.6377410468319559
2139,402.0,4.0,835.45,0.6377410468319559
2140,402.0,4.0,835.45,0.6377410468319559
2141,441.0,10.0,1506.95,0.5997497254181746
2142,402.0,4.0,835.45,0.6377410468319559
2143,402.0,4.0,835.45,0.6377410468319559
2144,402.0,4.0,835.45,0.6377410468319559
2145,437.0,6.0,1173.3,0.6377410468319559
2146,441.0,10.0,1506.95,0.5997497254181746
2147,437.0,6.0,1173.3,0.6377410468319559
2148,439.0,8.0,1333.3,0.6377410468319559
2149,402.0,4.0,835.45,0.6377410468319559
2150,437.0,6.0,1173.3,0.6377410468319559
2151,441.0,10.0,1506.95,0.5997497254181746
2152,437.0,6.0,1173.3,0.6377410468319559
2153,439.0,8.0,1333.3,0.6377410468319559
2154,402.0,4.0,835.45,0.6377410468319559
2155,437.0,6.0,1173.3,0.6377410468319559
2156,441.0,10.0,1506.95,0.5997497254181746
2157,437.0,6.0,1173.3,0.6377410468319559
2158,439.0,8.0,1333.3,0.6377410468319559
2159,402.0,4.0,835.45,0.6377410468319559
2160,188.0,3.0,501.85,0.6186193485658726
2161,436.0,5.0,1094.6,0.6377410468319559
2162,118.0,4.0,499.05,0.6377410468319559
2163,401.0,3.0,754.15,0.6186193485658726
2164,402.0,4.0,835.45,0.6377410468319559
2165,170.0,2.0,415.7,0.5388555789625308
2166,424.0,2.0,839.65,0.5720664758097913
2167,170.0,2.0,415.7,0.5388555789625308
2168,394.0,2.0,672.15,0.5720664758097913
2169,402.0,4.0,835.45,0.6377410468319559
2170,223.0,1.0,328.3,0.3978285529087668
2171,400.0,0.0,671.75,0.4192279299231171
2172,223.0,1.0,328.3,0.3978285529087668
2173,242.0,1.0,427.95,0.5165109202542357
2174,402.0,4.0,835.45,0.6377410468319559
2175,213.0,0.0,252.3,0.34227299735321126
2176,370.0,0.0,504.25,0.4192279299231171
2177,213.0,0.0,252.3,0.34227299735321126
2178,284.0,0.0,336.4,0.34227299735321126
2179,402.0,4.0,835.45,0.6377410468319559
2180,213.0,0.0,252.3,0.34227299735321126
2181,370.0,0.0,504.25,0.4192279299231171
2182,213.0,0.0,252.3,0.34227299735321126
2183,284.0,0.0,336.4,0.34227299735321126
2184,402.0,4.0,835.45,0.6377410468319559
2185,401.0,3.0,754.15,0.6186193485658726
2186,437.0,6.0,1175.9,0.6377410468319559
2187,402.0,4.0,835.45,0.6377410468319559
2188,401.0,3.0,754.15,0.6186193485658726
2189,402.0,4.0,835.45,0.6377410468319559
2190,323.0,2.0,588.05,0.5720664758097913
2191,414.0,1.0,763.65,0.5165109202542357
2192,188.0,3.0,501.85,0.6186193485658726
2193,394.0,2.0,672.15,0.5720664758097913
2194,402.0,4.0,835.45,0.6377410468319559
2195,242.0,1.0,427.95,0.5165109202542357
2196,369.0,1.0,512.4,0.4395559876843299
2197,242.0,1.0,427.95,0.5165109202542357
2198,313.0,1.0,512.05,0.5165109202542357
2199,402.0,4.0,835.45,0.6377410468319559
2200,284.0,0.0,336.4,0.34227299735321126
2201,284.0,0.0,336.4,0.34227299735321126
2202,284.0,0.0,336.4,0.34227299735321126
2203,243.0,0.0,419.8,0.4192279299231171
2204,402.0,4.0,835.45,0.6377410468319559
2205,284.0,0.0,336.4,0.34227299735321126
2206,284.0,0.0,336.4,0.34227299735321126
2207,284.0,0.0,336.4,0.34227299735321126
2208,284.0,0.0,336.4,0.34227299735321126
2209,402.0,4.0,835.45,0.6377410468319559
2210,284.0,0.0,336.4,0.34227299735321126
2211,284.0,0.0,336.4,0.34227299735321126
2212,284.0,0.0,336.4,0.34227299735321126
2213,284.0,0.0,336.4,0.34227299735321126
2214,402.0,4.0,835.45,0.6377410468319559
2215,401.0,3.0,754.15,0.6186193485658726
2216,401.0,3.0,754.15,0.6186193485658726
2217,402.0,4.0,835.45,0.6377410468319559
2218,401.0,3.0,754.15,0.6186193485658726
2219,402.0,4.0,835.45,0.6377410468319559
2220,394.0,2.0,672.15,0.5720664758097913
2221,394.0,2.0,672.15,0.5720664758097913
2222,402.0,4.0,835.45,0.6377410468319559
2223,394.0,2.0,672.15,0.5720664758097913
2224,402.0,4.0,835.45,0.6377410468319559
2225,384.0,1.0,596.15,0.5165109202542357
2226,384.0,1.0,596.15,0.5165109202542357
2227,259.0,3.0,585.95,0.6186193485658726
2228,384.0,1.0,596.15,0.5165109202542357
2229,402.0,4.0,835.45,0.6377410468319559
2230,370.0,0.0,504.25,0.4145735429157889
2231,400.0,0.0,671.75,0.4192279299231171
2232,309.0,1.0,496.15,0.47478348547867266
2233,370.0,0.0,504.25,0.4145735429157889
2234,402.0,4.0,835.45,0.6377410468319559
2235,370.0,0.0,504.25,0.4192279299231171
2236,400.0,0.0,671.75,0.4192279299231171
2237,355.0,0.0,420.5,0.34227299735321126
2238,370.0,0.0,504.25,0.4192279299231171
2239,402.0,4.0,835.45,0.6377410468319559
2240,370.0,0.0,504.25,0.4192279299231171
2241,400.0,0.0,671.75,0.4192279299231171
2242,355.0,0.0,420.5,0.34227299735321126
2243,370.0,0.0,504.25,0.4192279299231171
2244,402.0,4.0,835.45,0.6377410468319559
2245,401.0,3.0,754.15,0.6186193485658726
2246,401.0,3.0,754.15,0.6186193485658726
2247,402.0,4.0,835.45,0.6377410468319559
2248,401.0,3.0,754.15,0.6186193485658726
2249,402.0,4.0,835.45,0.6377410468319559
2250,394.0,2.0,672.15,0.5720664758097913
2251,424.0,2.0,839.65,0.5720664758097913
2252,402.0,4.0,835.45,0.6377410468319559
2253,394.0,2.0,672.15,0.5720664758097913
2254,402.0,4.0,835.45,0.6377410468319559
2255,384.0,1.0,596.15,0.5165109202542357
2256,431.0,3.0,921.65,0.6186193485658726
2257,402.0,4.0,835.45,0.6377410468319559
2258,384.0,1.0,596.15,0.5165109202542357
2259,402.0,4.0,835.45,0.6377410468319559
2260,370.0,0.0,504.25,0.4145735429157889
2261,436.0,5.0,1094.6,0.6377410468319559
2262,338.0,2.0,671.8,0.5720664758097913
2263,370.0,0.0,504.25,0.4145735429157889
2264,402.0,4.0,835.45,0.6377410468319559
2265,370.0,0.0,504.25,0.4192279299231171
2266,436.0,5.0,1094.6,0.6377410468319559
2267,369.0,1.0,512.4,0.4395559876843299
2268,370.0,0.0,504.25,0.4192279299231171
2269,402.0,4.0,835.45,0.6377410468319559
2270,370.0,0.0,504.25,0.4192279299231171
2271,436.0,5.0,1094.6,0.6377410468319559
2272,370.0,0.0,504.25,0.4192279299231171
2273,370.0,0.0,504.25,0.4192279299231171
2274,402.0,4.0,835.45,0.6377410468319559
2275,401.0,3.0,754.15,0.6186193485658726
2276,437.0,6.0,1175.9,0.6377410468319559
2277,402.0,4.0,835.45,0.6377410468319559
2278,401.0,3.0,754.15,0.6186193485658726
2279,402.0,4.0,835.45,0.6377410468319559
2280,394.0,2.0,672.15,0.5720664758097913
2281,439.0,8.0,1346.95,0.6377410468319559
2282,402.0,4.0,835.45,0.6377410468319559
2283,394.0,2.0,672.15,0.5720664758097913
2284,402.0,4.0,835.45,0.6377410468319559
2285,384.0,1.0,596.15,0.5165109202542357
2286,441.0,10.0,1506.95,0.5997497254181746
2287,402.0,4.0,835.45,0.6377410468319559
2288,384.0,1.0,596.15,0.5165109202542357
2289,402.0,4.0,835.45,0.6377410468319559
2290,370.0,0.0,504.25,0.4145735429157889
2291,441.0,10.0,1506.95,0.5997497254181746
2292,402.0,4.0,835.45,0.6377410468319559
2293,370.0,0.0,504.25,0.4145735429157889
2294,402.0,4.0,835.45,0.6377410468319559
2295,370.0,0.0,504.25,0.4192279299231171
2296,441.0,10.0,1506.95,0.5997497254181746
2297,402.0,2.0,746.0,0.521336358234754
2298,370.0,0.0,504.25,0.4192279299231171
2299,402.0,4.0,835.45,0.6377410468319559
2300,370.0,0.0,504.25,0.4192279299231171
2301,441.0,10.0,1506.95,0.5997497254181746
2302,400.0,0.0,671.75,0.4192279299231171
2303,370.0,0.0,504.25,0.4192279299231171
2304,402.0,4.0,835.45,0.6377410468319559
2305,401.0,3.0,754.15,0.6186193485658726
2306,441.0,10.0,1506.95,0.5997497254181746
2307,402.0,4.0,835.45,0.6377410468319559
2308,401.0,3.0,754.15,0.6186193485658726
2309,402.0,4.0,835.45,0.6377410468319559
2310,394.0,2.0,672.15,0.5720664758097913
2311,441.0,10.0,1506.95,0.5997497254181746
2312,402.0,4.0,835.45,0.6377410468319559
2313,394.0,2.0,672.15,0.5720664758097913
2314,402.0,4.0,835.45,0.6377410468319559
2315,384.0,1.0,596.15,0.5165109202542357
2316,441.0,10.0,1506.95,0.5997497254181746
2317,402.0,4.0,835.45,0.6377410468319559
2318,384.0,1.0,596.15,0.5165109202542357
2319,402.0,4.0,835.45,0.6377410468319559
2320,370.0,0.0,504.25,0.4145735429157889
2321,441.0,10.0,1506.95,0.5997497254181746
2322,402.0,4.0,835.45,0.6377410468319559
2323,370.0,0.0,504.25,0.4145735429157889
2324,402.0,4.0,835.45,0.6377410468319559
2325,370.0,0.0,504.25,0.4192279299231171
2326,441.0,10.0,1506.95,0.5997497254181746
2327,431.0,3.0,921.65,0.6186193485658726
2328,370.0,0.0,504.25,0.4192279299231171
2329,402.0,4.0,835.45,0.6377410468319559
2330,370.0,0.0,504.25,0.4192279299231171
2331,441.0,10.0,1506.95,0.5997497254181746
2332,431.0,3.0,921.65,0.6186193485658726
2333,370.0,0.0,504.25,0.4192279299231171
2334,402.0,4.0,835.45,0.6377410468319559
2335,118.0,4.0,499.05,0.6377410468319559
2336,437.0,6.0,1173.3,0.6377410468319559
2337,118.0,4.0,499.05,0.6377410468319559
2338,402.0,4.0,835.45,0.6377410468319559
2339,402.0,4.0,835.45,0.6377410468319559
2340,170.0,2.0,415.7,0.5388555789625308
2341,424.0,2.0,839.65,0.5720664758097913
2342,170.0,2.0,415.7,0.5388555789625308
2343,330.0,3.0,670.05,0.6186193485658726
2344,402.0,4.0,835.45,0.6377410468319559
2345,223.0,1.0,328.3,0.3978285529087668
2346,400.0,0.0,671.75,0.4192279299231171
2347,223.0,1.0,328.3,0.3978285529087668
2348,242.0,1.0,427.95,0.5165109202542357
2349,402.0,4.0,835.45,0.6377410468319559
2350,213.0,0.0,252.3,0.34227299735321126
2351,370.0,0.0,504.25,0.4192279299231171
2352,213.0,0.0,252.3,0.34227299735321126
2353,284.0,0.0,336.4,0.34227299735321126
2354,402.0,4.0,835.45,0.6377410468319559
2355,213.0,0.0,252.3,0.34227299735321126
2356,370.0,0.0,504.25,0.4192279299231171
2357,213.0,0.0,252.3,0.34227299735321126
2358,284.0,0.0,336.4,0.34227299735321126
2359,402.0,4.0,835.45,0.6377410468319559
2360,402.0,4.0,835.45,0.6377410468319559
2361,441.0,10.0,1506.95,0.5997497254181746
2362,402.0,4.0,835.45,0.6377410468319559
2363,402.0,4.0,835.45,0.6377410468319559
2364,402.0,4.0,835.45,0.6377410468319559
2365,188.0,3.0,501.85,0.6186193485658726
2366,394.0,2.0,672.15,0.5720664758097913
2367,188.0,3.0,501.85,0.6186193485658726
2368,401.0,3.0,754.15,0.6186193485658726
2369,402.0,4.0,835.45,0.6377410468319559
2370,242.0,1.0,427.95,0.5165109202542357
2371,369.0,1.0,512.4,0.4395559876843299
2372,242.0,1.0,427.95,0.5165109202542357
2373,252.0,2.0,503.95,0.5720664758097913
2374,402.0,4.0,835.45,0.6377410468319559
2375,284.0,0.0,336.4,0.34227299735321126
2376,284.0,0.0,336.4,0.34227299735321126
2377,284.0,0.0,336.4,0.34227299735321126
2378,294.0,1.0,412.4,0.3978285529087668
2379,402.0,4.0,835.45,0.6377410468319559
2380,284.0,0.0,336.4,0.34227299735321126
2381,284.0,0.0,336.4,0.34227299735321126
2382,284.0,0.0,336.4,0.34227299735321126
2383,284.0,0.0,336.4,0.34227299735321126
2384,402.0,4.0,835.45,0.6377410468319559
2385,284.0,0.0,336.4,0.34227299735321126
2386,284.0,0.0,336.4,0.34227299735321126
2387,284.0,0.0,336.4,0.34227299735321126
2388,284.0,0.0,336.4,0.34227299735321126
2389,402.0,4.0,835.45,0.6377410468319559
2390,402.0,4.0,835.45,0.6377410468319559
2391,433.0,4.0,1006.85,0.6377410468319559
2392,402.0,4.0,835.45,0.6377410468319559
2393,402.0,4.0,835.45,0.6377410468319559
2394,402.0,4.0,835.45,0.6377410468319559
2395,401.0,3.0,754.15,0.6186193485658726
2396,401.0,3.0,754.15,0.6186193485658726
2397,402.0,4.0,835.45,0.6377410468319559
2398,401.0,3.0,754.15,0.6186193485658726
2399,402.0,4.0,835.45,0.6377410468319559
2400,323.0,2.0,588.05,0.5720664758097913
2401,323.0,2.0,588.05,0.5720664758097913
2402,259.0,3.0,585.95,0.6186193485658726
2403,394.0,2.0,672.15,0.5720664758097913
2404,402.0,4.0,835.45,0.6377410468319559
2405,309.0,1.0,496.15,0.47478348547867266
2406,385.0,0.0,588.0,0.4192279299231171
2407,309.0,1.0,496.15,0.47478348547867266
2408,313.0,1.0,512.05,0.5165109202542357
2409,402.0,4.0,835.45,0.6377410468319559
2410,355.0,0.0,420.5,0.34227299735321126
2411,414.0,1.0,763.65,0.5165109202542357
2412,355.0,0.0,420.5,0.34227299735321126
2413,370.0,0.0,504.25,0.4145735429157889
2414,402.0,4.0,835.45,0.6377410468319559
2415,355.0,0.0,420.5,0.34227299735321126
2416,414.0,1.0,763.65,0.5165109202542357
2417,355.0,0.0,420.5,0.34227299735321126
2418,370.0,0.0,504.25,0.4192279299231171
2419,402.0,4.0,835.45,0.6377410468319559
2420,402.0,4.0,835.45,0.6377410468319559
2421,402.0,4.0,835.45,0.6377410468319559
2422,402.0,4.0,835.45,0.6377410468319559
2423,402.0,4.0,835.45,0.6377410468319559
2424,402.0,4.0,835.45,0.6377410468319559
2425,401.0,3.0,754.15,0.6186193485658726
2426,401.0,3.0,754.15,0.6186193485658726
2427,402.0,4.0,835.45,0.6377410468319559
2428,401.0,3.0,754.15,0.6186193485658726
2429,402.0,4.0,835.45,0.6377410468319559
2430,394.0,2.0,672.15,0.5720664758097913
2431,434.0,4.0,1009.4,0.6186193485658726
2432,402.0,4.0,835.45,0.6377410468319559
2433,394.0,2.0,672.15,0.5720664758097913
2434,402.0,4.0,835.45,0.6377410468319559
2435,384.0,1.0,596.15,0.5165109202542357
2436,436.0,5.0,1094.6,0.6377410468319559
2437,338.0,2.0,671.8,0.5720664758097913
2438,384.0,1.0,596.15,0.5165109202542357
2439,402.0,4.0,835.45,0.6377410468319559
2440,370.0,0.0,504.25,0.4145735429157889
2441,438.0,7.0,1261.65,0.6377410468319559
2442,369.0,1.0,512.4,0.4395559876843299
2443,370.0,0.0,504.25,0.4145735429157889
2444,402.0,4.0,835.45,0.6377410468319559
2445,370.0,0.0,504.25,0.4192279299231171
2446,438.0,7.0,1261.65,0.6377410468319559
2447,370.0,0.0,504.25,0.4192279299231171
2448,370.0,0.0,504.25,0.4192279299231171
2449,402.0,4.0,835.45,0.6377410468319559
2450,402.0,4.0,835.45,0.6377410468319559
2451,438.0,7.0,1254.6,0.6377410468319559
2452,402.0,4.0,835.45,0.6377410468319559
2453,402.0,4.0,835.45,0.6377410468319559
2454,402.0,4.0,835.45,0.6377410468319559
2455,401.0,3.0,754.15,0.6186193485658726
2456,439.0,8.0,1346.95,0.6377410468319559
2457,402.0,4.0,835.45,0.6377410468319559
2458,401.0,3.0,754.15,0.6186193485658726
2459,402.0,4.0,835.45,0.6377410468319559
2460,394.0,2.0,672.15,0.5720664758097913
2461,441.0,10.0,1506.95,0.5997497254181746
2462,402.0,4.0,835.45,0.6377410468319559
2463,394.0,2.0,672.15,0.5720664758097913
2464,402.0,4.0,835.45,0.6377410468319559
2465,384.0,1.0,596.15,0.5165109202542357
2466,441.0,10.0,1506.95,0.5997497254181746
2467,402.0,4.0,835.45,0.6377410468319559
2468,384.0,1.0,596.15,0.5165109202542357
2469,402.0,4.0,835.45,0.6377410468319559
2470,370.0,0.0,504.25,0.4145735429157889
2471,441.0,10.0,1506.95,0.5997497254181746
2472,402.0,2.0,746.0,0.521336358234754
2473,370.0,0.0,504.25,0.4145735429157889
2474,402.0,4.0,835.45,0.6377410468319559
2475,370.0,0.0,504.25,0.4192279299231171
2476,441.0,10.0,1506.95,0.5997497254181746
2477,400.0,0.0,671.75,0.4192279299231171
2478,370.0,0.0,504.25,0.4192279299231171
2479,402.0,4.0,835.45,0.6377410468319559
2480,402.0,4.0,835.45,0.6377410468319559
2481,441.0,10.0,1506.95,0.5997497254181746
2482,402.0,4.0,835.45,0.6377410468319559
2483,402.0,4.0,835.45,0.6377410468319559
2484,402.0,4.0,835.45,0.6377410468319559
2485,401.0,3.0,754.15,0.6186193485658726
2486,441.0,10.0,1506.95,0.5997497254181746
2487,402.0,4.0,835.45,0.6377410468319559
2488,401.0,3.0,754.15,0.6186193485658726
2489,402.0,4.0,835.45,0.6377410468319559
2490,394.0,2.0,672.15,0.5720664758097913
2491,441.0,10.0,1506.95,0.5997497254181746
2492,402.0,4.0,835.45,0.6377410468319559
2493,394.0,2.0,672.15,0.5720664758097913
2494,402.0,4.0,835.45,0.6377410468319559
2495,384.0,1.0,596.15,0.5165109202542357
2496,441.0,10.0,1506.95,0.5997497254181746
2497,402.0,4.0,835.45,0.6377410468319559
2498,384.0,1.0,596.15,0.5165109202542357
2499,402.0,4.0,835.45,0.6377410468319559
2500,370.0,0.0,504.25,0.4145735429157889
2501,441.0,10.0,1506.95,0.5997497254181746
2502,431.0,3.0,921.65,0.6186193485658726
2503,370.0,0.0,504.25,0.4145735429157889
2504,402.0,4.0,835.45,0.6377410468319559
2505,370.0,0.0,504.25,0.4192279299231171
2506,441.0,10.0,1506.95,0.5997497254181746
2507,431.0,3.0,921.65,0.6186193485658726
2508,370.0,0.0,504.25,0.4192279299231171
2509,402.0,4.0,835.45,0.6377410468319559
2510,118.0,4.0,499.05,0.6377410468319559
2511,437.0,6.0,1173.3,0.6377410468319559
2512,118.0,4.0,499.05,0.6377410468319559
2513,402.0,4.0,835.45,0.6377410468319559
2514,402.0,4.0,835.45,0.6377410468319559
2515,170.0,2.0,415.7,0.5388555789625308
2516,424.0,2.0,839.65,0.5720664758097913
2517,170.0,2.0,415.7,0.5388555789625308
2518,260.0,4.0,667.25,0.6377410468319559
2519,402.0,4.0,835.45,0.6377410468319559
2520,223.0,1.0,328.3,0.3978285529087668
2521,400.0,0.0,671.75,0.4192279299231171
2522,223.0,1.0,328.3,0.3978285529087668
2523,242.0,1.0,427.95,0.5165109202542357
2524,402.0,4.0,835.45,0.6377410468319559
2525,213.0,0.0,252.3,0.34227299735321126
2526,370.0,0.0,504.25,0.4192279299231171
2527,213.0,0.0,252.3,0.34227299735321126
2528,284.0,0.0,336.4,0.34227299735321126
2529,402.0,4.0,835.45,0.6377410468319559
2530,213.0,0.0,252.3,0.34227299735321126
2531,370.0,0.0,504.25,0.4192279299231171
2532,213.0,0.0,252.3,0.34227299735321126
2533,284.0,0.0,336.4,0.34227299735321126
2534,402.0,4.0,835.45,0.6377410468319559
2535,402.0,4.0,835.45,0.6377410468319559
2536,441.0,10.0,1506.95,0.5997497254181746
2537,402.0,4.0,835.45,0.6377410468319559
2538,402.0,4.0,835.45,0.6377410468319559
2539,402.0,4.0,835.45,0.6377410468319559
2540,188.0,3.0,501.85,0.6186193485658726
2541,394.0,2.0,672.15,0.5720664758097913
2542,188.0,3.0,501.85,0.6186193485658726
2543,331.0,4.0,751.35,0.6377410468319559
2544,402.0,4.0,835.45,0.6377410468319559
2545,242.0,1.0,427.95,0.5165109202542357
2546,369.0,1.0,512.4,0.4395559876843299
2547,242.0,1.0,427.95,0.5165109202542357
2548,252.0,2.0,503.95,0.5720664758097913
2549,402.0,4.0,835.45,0.6377410468319559
2550,284.0,0.0,336.4,0.34227299735321126
2551,284.0,0.0,336.4,0.34227299735321126
2552,284.0,0.0,336.4,0.34227299735321126
2553,294.0,1.0,412.4,0.3978285529087668
2554,402.0,4.0,835.45,0.6377410468319559
2555,284.0,0.0,336.4,0.34227299735321126
2556,284.0,0.0,336.4,0.34227299735321126
2557,284.0,0.0,336.4,0.34227299735321126
2558,284.0,0.0,336.4,0.34227299735321126
2559,402.0,4.0,835.45,0.6377410468319559
2560,284.0,0.0,336.4,0.34227299735321126
2561,284.0,0.0,336.4,0.34227299735321126
2562,284.0,0.0,336.4,0.34227299735321126
2563,284.0,0.0,336.4,0.34227299735321126
2564,402.0,4.0,835.45,0.6377410468319559
2565,402.0,4.0,835.45,0.6377410468319559
2566,433.0,4.0,1006.85,0.6377410468319559
2567,402.0,4.0,835.45,0.6377410468319559
2568,402.0,4.0,835.45,0.6377410468319559
2569,402.0,4.0,835.45,0.6377410468319559
2570,402.0,4.0,835.45,0.6377410468319559
2571,431.0,3.0,921.65,0.6186193485658726
2572,402.0,4.0,835.45,0.6377410468319559
2573,402.0,4.0,835.45,0.6377410468319559
2574,402.0,4.0,835.45,0.6377410468319559
2575,259.0,3.0,585.95,0.6186193485658726
2576,323.0,2.0,588.05,0.5720664758097913
2577,259.0,3.0,585.95,0.6186193485658726
2578,259.0,3.0,585.95,0.6186193485658726
2579,402.0,4.0,835.45,0.6377410468319559
2580,309.0,1.0,496.15,0.47478348547867266
2581,385.0,0.0,588.0,0.4192279299231171
2582,309.0,1.0,496.15,0.47478348547867266
2583,313.0,1.0,512.05,0.5165109202542357
2584,402.0,4.0,835.45,0.6377410468319559
2585,355.0,0.0,420.5,0.34227299735321126
2586,414.0,1.0,763.65,0.5165109202542357
2587,355.0,0.0,420.5,0.34227299735321126
2588,370.0,0.0,504.25,0.4192279299231171
2589,402.0,4.0,835.45,0.6377410468319559
2590,355.0,0.0,420.5,0.34227299735321126
2591,414.0,1.0,763.65,0.5165109202542357
2592,355.0,0.0,420.5,0.34227299735321126
2593,365.0,1.0,496.5,0.3978285529087668
2594,402.0,4.0,835.45,0.6377410468319559
2595,402.0,4.0,835.45,0.6377410468319559
2596,402.0,4.0,835.45,0.6377410468319559
2597,402.0,4.0,835.45,0.6377410468319559
2598,402.0,4.0,835.45,0.6377410468319559
2599,402.0,4.0,835.45,0.6377410468319559
2600,402.0,4.0,835.45,0.6377410468319559
2601,402.0,4.0,835.45,0.6377410468319559
2602,402.0,4.0,835.45,0.6377410468319559
2603,402.0,4.0,835.45,0.6377410468319559
2604,402.0,4.0,835.45,0.6377410468319559
2605,401.0,3.0,754.15,0.6186193485658726
2606,434.0,4.0,1009.4,0.6186193485658726
2607,402.0,4.0,835.45,0.6377410468319559
2608,401.0,3.0,754.15,0.6186193485658726
2609,402.0,4.0,835.45,0.6377410468319559
2610,338.0,2.0,671.8,0.5720664758097913
2611,436.0,5.0,1094.6,0.6377410468319559
2612,338.0,2.0,671.8,0.5720664758097913
2613,394.0,2.0,672.15,0.5720664758097913
2614,402.0,4.0,835.45,0.6377410468319559
2615,369.0,1.0,512.4,0.4395559876843299
2616,440.0,9.0,1428.25,0.6377410468319559
2617,369.0,1.0,512.4,0.4395559876843299
2618,399.0,1.0,679.9,0.5165109202542357
2619,402.0,4.0,835.45,0.6377410468319559
2620,370.0,0.0,504.25,0.4192279299231171
2621,440.0,9.0,1428.25,0.6377410468319559
2622,370.0,0.0,504.25,0.4192279299231171
2623,400.0,0.0,671.75,0.4192279299231171
2624,402.0,4.0,835.45,0.6377410468319559
2625,402.0,4.0,835.45,0.6377410468319559
2626,439.0,8.0,1333.3,0.6377410468319559
2627,402.0,4.0,835.45,0.6377410468319559
2628,402.0,4.0,835.45,0.6377410468319559
2629,402.0,4.0,835.45,0.6377410468319559
2630,402.0,4.0,835.45,0.6377410468319559
2631,439.0,8.0,1333.3,0.6377410468319559
2632,402.0,4.0,835.45,0.6377410468319559
2633,402.0,4.0,835.45,0.6377410468319559
2634,402.0,4.0,835.45,0.6377410468319559
2635,401.0,3.0,754.15,0.6186193485658726
2636,441.0,10.0,1506.95,0.5997497254181746
2637,402.0,4.0,835.45,0.6377410468319559
2638,401.0,3.0,754.15,0.6186193485658726
2639,402.0,4.0,835.45,0.6377410468319559
2640,385.0,2.0,674.85,0.5720664758097913
2641,441.0,10.0,1506.95,0.5997497254181746
2642,402.0,4.0,835.45,0.6377410468319559
2643,394.0,2.0,672.15,0.5720664758097913
2644,402.0,4.0,835.45,0.6377410468319559
2645,399.0,1.0,679.9,0.5165109202542357
2646,441.0,10.0,1506.95,0.5997497254181746
2647,402.0,2.0,746.0,0.521336358234754
2648,399.0,1.0,679.9,0.5165109202542357
2649,402.0,4.0,835.45,0.6377410468319559
2650,400.0,0.0,671.75,0.4192279299231171
2651,441.0,10.0,1506.95,0.5997497254181746
2652,400.0,0.0,671.75,0.4192279299231171
2653,400.0,0.0,671.75,0.4192279299231171
2654,402.0,4.0,835.45,0.6377410468319559
2655,402.0,4.0,835.45,0.6377410468319559
2656,441.0,10.0,1506.95,0.5997497254181746
2657,402.0,4.0,835.45,0.6377410468319559
2658,402.0,4.0,835.45,0.6377410468319559
2659,402.0,4.0,835.45,0.6377410468319559
2660,402.0,4.0,835.45,0.6377410468319559
2661,441.0,10.0,1506.95,0.5997497254181746
2662,402.0,4.0,835.45,0.6377410468319559
2663,402.0,4.0,835.45,0.6377410468319559
2664,402.0,4.0,835.45,0.6377410468319559
2665,401.0,3.0,754.15,0.6186193485658726
2666,441.0,10.0,1506.95,0.5997497254181746
2667,402.0,4.0,835.45,0.6377410468319559
2668,401.0,3.0,754.15,0.6186193485658726
2669,402.0,4.0,835.45,0.6377410468319559
2670,394.0,2.0,672.15,0.5720664758097913
2671,441.0,10.0,1506.95,0.5997497254181746
2672,402.0,4.0,835.45,0.6377410468319559
2673,394.0,2.0,672.15,0.5720664758097913
2674,402.0,4.0,835.45,0.6377410468319559
2675,399.0,1.0,679.9,0.5165109202542357
2676,441.0,10.0,1506.95,0.5997497254181746
2677,431.0,3.0,921.65,0.6186193485658726
2678,399.0,1.0,679.9,0.5165109202542357
2679,402.0,4.0,835.45,0.6377410468319559
2680,400.0,0.0,671.75,0.4192279299231171
2681,441.0,10.0,1506.95,0.5997497254181746
2682,431.0,3.0,921.65,0.6186193485658726
2683,400.0,0.0,671.75,0.4192279299231171
2684,402.0,4.0,835.45,0.6377410468319559
2685,118.0,4.0,499.05,0.6377410468319559
2686,437.0,6.0,1173.3,0.6377410468319559
2687,118.0,4.0,499.05,0.6377410468319559
2688,402.0,4.0,835.45,0.6377410468319559
2689,402.0,4.0,835.45,0.6377410468319559
2690,170.0,2.0,415.7,0.5388555789625308
2691,424.0,2.0,839.65,0.5720664758097913
2692,170.0,2.0,415.7,0.5388555789625308
2693,260.0,4.0,667.25,0.6377410468319559
2694,402.0,4.0,835.45,0.6377410468319559
2695,223.0,1.0,328.3,0.3978285529087668
2696,400.0,0.0,671.75,0.4192279299231171
2697,223.0,1.0,328.3,0.3978285529087668
2698,242.0,1.0,427.95,0.5165109202542357
2699,402.0,4.0,835.45,0.6377410468319559
2700,213.0,0.0,252.3,0.34227299735321126
2701,370.0,0.0,504.25,0.4192279299231171
2702,213.0,0.0,252.3,0.34227299735321126
2703,284.0,0.0,336.4,0.34227299735321126
2704,402.0,4.0,835.45,0.6377410468319559
2705,213.0,0.0,252.3,0.34227299735321126
2706,370.0,0.0,504.25,0.4192279299231171
2707,213.0,0.0,252.3,0.34227299735321126
2708,284.0,0.0,336.4,0.34227299735321126
2709,402.0,4.0,835.45,0.6377410468319559
2710,402.0,4.0,835.45,0.6377410468319559
2711,441.0,10.0,1506.95,0.5997497254181746
2712,402.0,4.0,835.45,0.6377410468319559
2713,402.0,4.0,835.45,0.6377410468319559
2714,402.0,4.0,835.45,0.6377410468319559
2715,188.0,3.0,501.85,0.6186193485658726
2716,394.0,2.0,672.15,0.5720664758097913
2717,188.0,3.0,501.85,0.6186193485658726
2718,331.0,4.0,751.35,0.6377410468319559
2719,402.0,4.0,835.45,0.6377410468319559
2720,242.0,1.0,427.95,0.5165109202542357
2721,369.0,1.0,512.4,0.4395559876843299
2722,242.0,1.0,427.95,0.5165109202542357
2723,252.0,2.0,503.95,0.5720664758097913
2724,402.0,4.0,835.45,0.6377410468319559
2725,284.0,0.0,336.4,0.34227299735321126
2726,284.0,0.0,336.4,0.34227299735321126
2727,284.0,0.0,336.4,0.34227299735321126
2728,294.0,1.0,412.4,0.3978285529087668
2729,402.0,4.0,835.45,0.6377410468319559
2730,284.0,0.0,336.4,0.34227299735321126
2731,284.0,0.0,336.4,0.34227299735321126
2732,284.0,0.0,336.4,0.34227299735321126
2733,284.0,0.0,336.4,0.34227299735321126
2734,402.0,4.0,835.45,0.6377410468319559
2735,284.0,0.0,336.4,0.34227299735321126
2736,284.0,0.0,336.4,0.34227299735321126
2737,284.0,0.0,336.4,0.34227299735321126
2738,284.0,0.0,336.4,0.34227299735321126
2739,402.0,4.0,835.45,0.6377410468319559
2740,402.0,4.0,835.45,0.6377410468319559
2741,433.0,4.0,1006.85,0.6377410468319559
2742,402.0,4.0,835.45,0.6377410468319559
2743,402.0,4.0,835.45,0.6377410468319559
2744,402.0,4.0,835.45,0.6377410468319559
2745,402.0,4.0,835.45,0.6377410468319559
2746,431.0,3.0,921.65,0.6186193485658726
2747,402.0,4.0,835.45,0.6377410468319559
2748,402.0,4.0,835.45,0.6377410468319559
2749,402.0,4.0,835.45,0.6377410468319559
2750,259.0,3.0,585.95,0.6186193485658726
2751,323.0,2.0,588.05,0.5720664758097913
2752,259.0,3.0,585.95,0.6186193485658726
2753,259.0,3.0,585.95,0.6186193485658726
2754,402.0,4.0,835.45,0.6377410468319559
2755,309.0,1.0,496.15,0.47478348547867266
2756,385.0,0.0,588.0,0.4192279299231171
2757,309.0,1.0,496.15,0.47478348547867266
2758,313.0,1.0,512.05,0.5165109202542357
2759,402.0,4.0,835.45,0.6377410468319559
2760,355.0,0.0,420.5,0.34227299735321126
2761,414.0,1.0,763.65,0.5165109202542357
2762,355.0,0.0,420.5,0.34227299735321126
2763,370.0,0.0,504.25,0.4192279299231171
2764,402.0,4.0,835.45,0.6377410468319559
2765,355.0,0.0,420.5,0.34227299735321126
2766,414.0,1.0,763.65,0.5165109202542357
2767,355.0,0.0,420.5,0.34227299735321126
2768,365.0,1.0,496.5,0.3978285529087668
2769,402.0,4.0,835.45,0.6377410468319559
2770,402.0,4.0,835.45,0.6377410468319559
2771,402.0,4.0,835.45,0.6377410468319559
2772,402.0,4.0,835.45,0.6377410468319559
2773,402.0,4.0,835.45,0.6377410468319559
2774,402.0,4.0,835.45,0.6377410468319559
2775,402.0,4.0,835.45,0.6377410468319559
2776,402.0,4.0,835.45,0.6377410468319559
2777,402.0,4.0,835.45,0.6377410468319559
2778,402.0,4.0,835.45,0.6377410468319559
2779,402.0,4.0,835.45,0.6377410468319559
2780,402.0,4.0,835.45,0.6377410468319559
2781,416.0,3.0,837.9,0.6186193485658726
2782,402.0,4.0,835.45,0.6377410468319559
2783,402.0,4.0,835.45,0.6377410468319559
2784,402.0,4.0,835.45,0.6377410468319559
2785,338.0,2.0,671.8,0.5720664758097913
2786,436.0,5.0,1094.6,0.6377410468319559
2787,338.0,2.0,671.8,0.5720664758097913
2788,401.0,3.0,754.15,0.6186193485658726
2789,402.0,4.0,835.45,0.6377410468319559
2790,369.0,1.0,512.4,0.4395559876843299
2791,441.0,10.0,1506.95,0.5997497254181746
2792,369.0,1.0,512.4,0.4395559876843299
2793,409.0,2.0,755.9,0.5720664758097913
2794,402.0,4.0,835.45,0.6377410468319559
2795,370.0,0.0,504.25,0.4192279299231171
2796,441.0,10.0,1506.95,0.5997497254181746
2797,370.0,0.0,504.25,0.4192279299231171
2798,414.0,1.0,763.65,0.5165109202542357
2799,402.0,4.0,835.45,0.6377410468319559
2800,402.0,4.0,835.45,0.6377410468319559
2801,441.0,10.0,1506.95,0.5997497254181746
2802,402.0,4.0,835.45,0.6377410468319559
2803,402.0,4.0,835.45,0.6377410468319559
2804,402.0,4.0,835.45,0.6377410468319559
2805,402.0,4.0,835.45,0.6377410468319559
2806,441.0,10.0,1506.95,0.5997497254181746
2807,402.0,4.0,835.45,0.6377410468319559
2808,402.0,4.0,835.45,0.6377410468319559
2809,402.0,4.0,835.45,0.6377410468319559
2810,402.0,4.0,835.45,0.6377410468319559
2811,441.0,10.0,1506.95,0.5997497254181746
2812,402.0,4.0,835.45,0.6377410468319559
2813,402.0,4.0,835.45,0.6377410468319559
2814,402.0,4.0,835.45,0.6377410468319559
2815,401.0,3.0,754.15,0.6186193485658726
2816,441.0,10.0,1506.95,0.5997497254181746
2817,402.0,4.0,835.45,0.6377410468319559
2818,401.0,3.0,754.15,0.6186193485658726
2819,402.0,4.0,835.45,0.6377410468319559
2820,402.0,2.0,746.0,0.521336358234754
2821,441.0,10.0,1506.95,0.5997497254181746
2822,402.0,2.0,746.0,0.521336358234754
2823,424.0,2.0,839.65,0.5720664758097913
2824,402.0,4.0,835.45,0.6377410468319559
2825,400.0,0.0,671.75,0.4192279299231171
2826,441.0,10.0,1506.95,0.5997497254181746
2827,400.0,0.0,671.75,0.4192279299231171
2828,424.0,2.0,839.65,0.5720664758097913
2829,402.0,4.0,835.45,0.6377410468319559
2830,402.0,4.0,835.45,0.6377410468319559
2831,441.0,10.0,1506.95,0.5997497254181746
2832,402.0,4.0,835.45,0.6377410468319559
2833,402.0,4.0,835.45,0.6377410468319559
2834,402.0,4.0,835.45,0.6377410468319559
2835,402.0,4.0,835.45,0.6377410468319559
2836,441.0,10.0,1506.95,0.5997497254181746
2837,402.0,4.0,835.45,0.6377410468319559
2838,402.0,4.0,835.45,0.6377410468319559
2839,402.0,4.0,835.45,0.6377410468319559
2840,402.0,4.0,835.45,0.6377410468319559
2841,441.0,10.0,1506.95,0.5997497254181746
2842,402.0,4.0,835.45,0.6377410468319559
2843,402.0,4.0,835.45,0.6377410468319559
2844,402.0,4.0,835.45,0.6377410468319559
2845,401.0,3.0,754.15,0.6186193485658726
2846,441.0,10.0,1506.95,0.5997497254181746
2847,402.0,4.0,835.45,0.6377410468319559
2848,401.0,3.0,754.15,0.6186193485658726
2849,402.0,4.0,835.45,0.6377410468319559
2850,424.0,2.0,839.65,0.5720664758097913
2851,441.0,10.0,1506.95,0.5997497254181746
2852,431.0,3.0,921.65,0.6186193485658726
2853,424.0,2.0,839.65,0.5720664758097913
2854,402.0,4.0,835.45,0.6377410468319559
2855,424.0,2.0,839.65,0.5720664758097913
2856,441.0,10.0,1506.95,0.5997497254181746
2857,431.0,3.0,921.65,0.6186193485658726
2858,424.0,2.0,839.65,0.5720664758097913
2859,402.0,4.0,835.45,0.6377410468319559
2860,118.0,4.0,499.05,0.6377410468319559
2861,437.0,6.0,1173.3,0.6377410468319559
2862,118.0,4.0,499.05,0.6377410468319559
2863,402.0,4.0,835.45,0.6377410468319559
2864,402.0,4.0,835.45,0.6377410468319559
2865,170.0,2.0,415.7,0.5388555789625308
2866,424.0,2.0,839.65,0.5720664758097913
2867,170.0,2.0,415.7,0.5388555789625308
2868,260.0,4.0,667.25,0.6377410468319559
2869,402.0,4.0,835.45,0.6377410468319559
2870,223.0,1.0,328.3,0.3978285529087668
2871,400.0,0.0,671.75,0.4192279299231171
2872,223.0,1.0,328.3,0.3978285529087668
2873,242.0,1.0,427.95,0.5165109202542357
2874,402.0,4.0,835.45,0.6377410468319559
2875,213.0,0.0,252.3,0.34227299735321126
2876,370.0,0.0,504.25,0.4192279299231171
2877,213.0,0.0,252.3,0.34227299735321126
2878,284.0,0.0,336.4,0.34227299735321126
2879,402.0,4.0,835.45,0.6377410468319559
2880,213.0,0.0,252.3,0.34227299735321126
2881,370.0,0.0,504.25,0.4192279299231171
2882,213.0,0.0,252.3,0.34227299735321126
2883,284.0,0.0,336.4,0.34227299735321126
2884,402.0,4.0,835.45,0.6377410468319559
2885,213.0,0.0,252.3,0.34227299735321126
2886,370.0,0.0,504.25,0.4192279299231171
2887,213.0,0.0,252.3,0.34227299735321126
2888,284.0,0.0,336.4,0.34227299735321126
2889,402.0,4.0,835.45,0.6377410468319559
2890,402.0,4.0,835.45,0.6377410468319559
2891,441.0,10.0,1506.95,0.5997497254181746
2892,402.0,4.0,835.45,0.6377410468319559
2893,402.0,4.0,835.45,0.6377410468319559
2894,402.0,4.0,835.45,0.6377410468319559
2895,188.0,3.0,501.85,0.6186193485658726
2896,394.0,2.0,672.15,0.5720664758097913
2897,188.0,3.0,501.85,0.6186193485658726
2898,331.0,4.0,751.35,0.6377410468319559
2899,402.0,4.0,835.45,0.6377410468319559
2900,242.0,1.0,427.95,0.5165109202542357
2901,369.0,1.0,512.4,0.4395559876843299
2902,242.0,1.0,427.95,0.5165109202542357
2903,252.0,2.0,503.95,0.5720664758097913
2904,402.0,4.0,835.45,0.6377410468319559
2905,284.0,0.0,336.4,0.34227299735321126
2906,284.0,0.0,336.4,0.34227299735321126
2907,284.0,0.0,336.4,0.34227299735321126
2908,294.0,1.0,412.4,0.3978285529087668
2909,402.0,4.0,835.45,0.6377410468319559
2910,284.0,0.0,336.4,0.34227299735321126
2911,284.0,0.0,336.4,0.34227299735321126
2912,284.0,0.0,336.4,0.34227299735321126
2913,284.0,0.0,336.4,0.34227299735321126
2914,402.0,4.0,835.45,0.6377410468319559
2915,284.0,0.0,336.4,0.34227299735321126
2916,284.0,0.0,336.4,0.34227299735321126
2917,284.0,0.0,336.4,0.34227299735321126
2918,284.0,0.0,336.4,0.34227299735321126
2919,402.0,4.0,835.45,0.6377410468319559
2920,402.0,4.0,835.45,0.6377410468319559
2921,433.0,4.0,1006.85,0.6377410468319559
2922,402.0,4.0,835.45,0.6377410468319559
2923,402.0,4.0,835.45,0.6377410468319559
2924,402.0,4.0,835.45,0.6377410468319559
2925,402.0,4.0,835.45,0.6377410468319559
2926,431.0,3.0,921.65,0.6186193485658726
2927,402.0,4.0,835.45,0.6377410468319559
2928,402.0,4.0,835.45,0.6377410468319559
2929,402.0,4.0,835.45,0.6377410468319559
2930,259.0,3.0,585.95,0.6186193485658726
2931,323.0,2.0,588.05,0.5720664758097913
2932,259.0,3.0,585.95,0.6186193485658726
2933,259.0,3.0,585.95,0.6186193485658726
2934,402.0,4.0,835.45,0.6377410468319559
2935,309.0,1.0,496.15,0.47478348547867266
2936,385.0,0.0,588.0,0.4192279299231171
2937,309.0,1.0,496.15,0.47478348547867266
2938,313.0,1.0,512.05,0.5165109202542357
2939,402.0,4.0,835.45,0.6377410468319559
2940,355.0,0.0,420.5,0.34227299735321126
2941,414.0,1.0,763.65,0.5165109202542357
2942,355.0,0.0,420.5,0.34227299735321126
2943,370.0,0.0,504.25,0.4192279299231171
2944,402.0,4.0,835.45,0.6377410468319559
2945,355.0,0.0,420.5,0.34227299735321126
2946,414.0,1.0,763.65,0.5165109202542357
2947,355.0,0.0,420.5,0.34227299735321126
2948,365.0,1.0,496.5,0.3978285529087668
2949,402.0,4.0,835.45,0.6377410468319559
2950,402.0,4.0,835.45,0.6377410468319559
2951,402.0,4.0,835.45,0.6377410468319559
2952,402.0,4.0,835.45,0.6377410468319559
2953,402.0,4.0,835.45,0.6377410468319559
2954,402.0,4.0,835.45,0.6377410468319559
2955,402.0,4.0,835.45,0.6377410468319559
2956,402.0,4.0,835.45,0.6377410468319559
2957,402.0,4.0,835.45,0.6377410468319559
2958,402.0,4.0,835.45,0.6377410468319559
2959,402.0,4.0,835.45,0.6377410468319559
2960,402.0,4.0,835.45,0.6377410468319559
2961,416.0,3.0,837.9,0.6186193485658726
2962,402.0,4.0,835.45,0.6377410468319559
2963,402.0,4.0,835.45,0.6377410468319559
2964,402.0,4.0,835.45,0.6377410468319559
2965,338.0,2.0,671.8,0.5720664758097913
2966,436.0,5.0,1094.6,0.6377410468319559
2967,338.0,2.0,671.8,0.5720664758097913
2968,401.0,3.0,754.15,0.6186193485658726
2969,402.0,4.0,835.45,0.6377410468319559
2970,369.0,1.0,512.4,0.4395559876843299
2971,441.0,10.0,1506.95,0.5997497254181746
2972,369.0,1.0,512.4,0.4395559876843299
2973,409.0,2.0,755.9,0.5720664758097913
2974,402.0,4.0,835.45,0.6377410468319559
2975,370.0,0.0,504.25,0.4192279299231171
2976,441.0,10.0,1506.95,0.5997497254181746
2977,370.0,0.0,504.25,0.4192279299231171
2978,414.0,1.0,763.65,0.5165109202542357
2979,402.0,4.0,835.45,0.6377410468319559
2980,402.0,4.0,835.45,0.6377410468319559
2981,441.0,10.0,1506.95,0.5997497254181746
2982,402.0,4.0,835.45,0.6377410468319559
2983,402.0,4.0,835.45,0.6377410468319559
2984,402.0,4.0,835.45,0.6377410468319559
2985,402.0,4.0,835.45,0.6377410468319559
2986,441.0,10.0,1506.95,0.5997497254181746
2987,402.0,4.0,835.45,0.6377410468319559
2988,402.0,4.0,835.45,0.6377410468319559
2989,402.0,4.0,835.45,0.6377410468319559
2990,402.0,4.0,835.45,0.6377410468319559
2991,441.0,10.0,1506.95,0.5997497254181746
2992,402.0,4.0,835.45,0.6377410468319559
2993,402.0,4.0,835.45,0.6377410468319559
2994,402.0,4.0,835.45,0.6377410468319559
2995,402.0,4.0,835.45,0.6377410468319559
2996,441.0,10.0,1506.95,0.5997497254181746
2997,402.0,4.0,835.45,0.6377410468319559
2998,393.0,4.0,838.15,0.6377410468319559
2999,402.0,4.0,835.45,0.6377410468319559
3000,402.0,2.0,746.0,0.521336358234754
3001,441.0,10.0,1506.95,0.5997497254181746
3002,402.0,2.0,746.0,0.521336358234754
3003,434.0,4.0,1009.4,0.6186193485658726
3004,402.0,4.0,835.45,0.6377410468319559
3005,400.0,0.0,671.75,0.4192279299231171
3006,441.0,10.0,1506.95,0.5997497254181746
3007,400.0,0.0,671.75,0.4192279299231171
3008,434.0,4.0,1009.4,0.6186193485658726
3009,402.0,4.0,835.45,0.6377410468319559
3010,402.0,4.0,835.45,0.6377410468319559
3011,441.0,10.0,1506.95,0.5997497254181746
3012,402.0,4.0,835.45,0.6377410468319559
3013,402.0,4.0,835.45,0.6377410468319559
3014,402.0,4.0,835.45,0.6377410468319559
3015,402.0,4.0,835.45,0.6377410468319559
3016,441.0,10.0,1506.95,0.5997497254181746
3017,402.0,4.0,835.45,0.6377410468319559
3018,402.0,4.0,835.45,0.6377410468319559
3019,402.0,4.0,835.45,0.6377410468319559
3020,402.0,4.0,835.45,0.6377410468319559
3021,441.0,10.0,1506.95,0.5997497254181746
3022,402.0,4.0,835.45,0.6377410468319559
3023,402.0,4.0,835.45,0.6377410468319559
3024,402.0,4.0,835.45,0.6377410468319559
3025,402.0,4.0,835.45,0.6377410468319559
3026,441.0,10.0,1506.95,0.5997497254181746
3027,402.0,4.0,835.45,0.6377410468319559
3028,403.0,4.0,839.35,0.6377410468319559
3029,402.0,4.0,835.45,0.6377410468319559
3030,431.0,3.0,921.65,0.6186193485658726
3031,441.0,10.0,1506.95,0.5997497254181746
3032,431.0,3.0,921.65,0.6186193485658726
3033,434.0,4.0,1009.4,0.6186193485658726
3034,402.0,4.0,835.45,0.6377410468319559
3035,431.0,3.0,921.65,0.6186193485658726
3036,441.0,10.0,1506.95,0.5997497254181746
3037,431.0,3.0,921.65,0.6186193485658726
3038,434.0,4.0,1009.4,0.6186193485658726
3039,402.0,4.0,835.45,0.6377410468319559
3040,118.0,4.0,499.05,0.6377410468319559
3041,437.0,6.0,1173.3,0.6377410468319559
3042,118.0,4.0,499.05,0.6377410468319559
3043,402.0,4.0,835.45,0.6377410468319559
3044,402.0,4.0,835.45,0.6377410468319559
3045,170.0,2.0,415.7,0.5388555789625308
3046,424.0,2.0,839.65,0.5720664758097913
3047,170.0,2.0,415.7,0.5388555789625308
3048,260.0,4.0,667.25,0.6377410468319559
3049,402.0,4.0,835.45,0.6377410468319559
3050,223.0,1.0,328.3,0.3978285529087668
3051,400.0,0.0,671.75,0.4192279299231171
3052,223.0,1.0,328.3,0.3978285529087668
3053,242.0,1.0,427.95,0.5165109202542357
3054,402.0,4.0,835.45,0.6377410468319559
3055,213.0,0.0,252.3,0.34227299735321126
3056,370.0,0.0,504.25,0.4192279299231171
3057,213.0,0.0,252.3,0.34227299735321126
3058,284.0,0.0,336.4,0.34227299735321126
3059,402.0,4.0,835.45,0.6377410468319559
3060,213.0,0.0,252.3,0.34227299735321126
3061,370.0,0.0,504.25,0.4192279299231171
3062,213.0,0.0,252.3,0.34227299735321126
3063,284.0,0.0,336.4,0.34227299735321126
3064,402.0,4.0,835.45,0.6377410468319559
3065,213.0,0.0,252.3,0.34227299735321126
3066,370.0,0.0,504.25,0.4192279299231171
3067,213.0,0.0,252.3,0.34227299735321126
3068,284.0,0.0,336.4,0.34227299735321126
3069,402.0,4.0,835.45,0.6377410468319559
3070,402.0,4.0,835.45,0.6377410468319559
3071,441.0,10.0,1506.95,0.5997497254181746
3072,402.0,4.0,835.45,0.6377410468319559
3073,402.0,4.0,835.45,0.6377410468319559
3074,402.0,4.0,835.45,0.6377410468319559
3075,188.0,3.0,501.85,0.6186193485658726
3076,394.0,2.0,672.15,0.5720664758097913
3077,188.0,3.0,501.85,0.6186193485658726
3078,331.0,4.0,751.35,0.6377410468319559
3079,402.0,4.0,835.45,0.6377410468319559
3080,242.0,1.0,427.95,0.5165109202542357
3081,369.0,1.0,512.4,0.4395559876843299
3082,242.0,1.0,427.95,0.5165109202542357
3083,252.0,2.0,503.95,0.5720664758097913
3084,402.0,4.0,835.45,0.6377410468319559
3085,284.0,0.0,336.4,0.34227299735321126
3086,284.0,0.0,336.4,0.34227299735321126
3087,284.0,0.0,336.4,0.34227299735321126
3088,294.0,1.0,412.4,0.3978285529087668
3089,402.0,4.0,835.45,0.6377410468319559
3090,284.0,0.0,336.4,0.34227299735321126
3091,284.0,0.0,336.4,0.34227299735321126
3092,284.0,0.0,336.4,0.34227299735321126
3093,284.0,0.0,336.4,0.34227299735321126
3094,402.0,4.0,835.45,0.6377410468319559
3095,284.0,0.0,336.4,0.34227299735321126
3096,284.0,0.0,336.4,0.34227299735321126
3097,284.0,0.0,336.4,0.34227299735321126
3098,284.0,0.0,336.4,0.34227299735321126
3099,402.0,4.0,835.45,0.6377410468319559
3100,402.0,4.0,835.45,0.6377410468319559
3101,433.0,4.0,1006.85,0.6377410468319559
3102,402.0,4.0,835.45,0.6377410468319559
3103,402.0,4.0,835.45,0.6377410468319559
3104,402.0,4.0,835.45,0.6377410468319559
3105,402.0,4.0,835.45,0.6377410468319559
3106,431.0,3.0,921.65,0.6186193485658726
3107,402.0,4.0,835.45,0.6377410468319559
3108,402.0,4.0,835.45,0.6377410468319559
3109,402.0,4.0,835.45,0.6377410468319559
3110,259.0,3.0,585.95,0.6186193485658726
3111,323.0,2.0,588.05,0.5720664758097913
3112,259.0,3.0,585.95,0.6186193485658726
3113,259.0,3.0,585.95,0.6186193485658726
3114,402.0,4.0,835.45,0.6377410468319559
3115,309.0,1.0,496.15,0.47478348547867266
3116,385.0,0.0,588.0,0.4192279299231171
3117,309.0,1.0,496.15,0.47478348547867266
3118,313.0,1.0,512.05,0.5165109202542357
3119,402.0,4.0,835.45,0.6377410468319559
3120,355.0,0.0,420.5,0.34227299735321126
3121,414.0,1.0,763.65,0.5165109202542357
3122,355.0,0.0,420.5,0.34227299735321126
3123,370.0,0.0,504.25,0.4192279299231171
3124,402.0,4.0,835.45,0.6377410468319559
3125,355.0,0.0,420.5,0.34227299735321126
3126,414.0,1.0,763.65,0.5165109202542357
3127,355.0,0.0,420.5,0.34227299735321126
3128,365.0,1.0,496.5,0.3978285529087668
3129,402.0,4.0,835.45,0.6377410468319559
3130,402.0,4.0,835.45,0.6377410468319559
3131,402.0,4.0,835.45,0.6377410468319559
3132,402.0,4.0,835.45,0.6377410468319559
3133,402.0,4.0,835.45,0.6377410468319559
3134,402.0,4.0,835.45,0.6377410468319559
3135,402.0,4.0,835.45,0.6377410468319559
3136,402.0,4.0,835.45,0.6377410468319559
3137,402.0,4.0,835.45,0.6377410468319559
3138,402.0,4.0,835.45,0.6377410468319559
3139,402.0,4.0,835.45,0.6377410468319559
3140,402.0,4.0,835.45,0.6377410468319559
3141,416.0,3.0,837.9,0.6186193485658726
3142,402.0,4.0,835.45,0.6377410468319559
3143,402.0,4.0,835.45,0.6377410468319559
3144,402.0,4.0,835.45,0.6377410468319559
3145,338.0,2.0,671.8,0.5720664758097913
3146,436.0,5.0,1094.6,0.6377410468319559
3147,338.0,2.0,671.8,0.5720664758097913
3148,401.0,3.0,754.15,0.6186193485658726
3149,402.0,4.0,835.45,0.6377410468319559
3150,369.0,1.0,512.4,0.4395559876843299
3151,441.0,10.0,1506.95,0.5997497254181746
3152,369.0,1.0,512.4,0.4395559876843299
3153,409.0,2.0,755.9,0.5720664758097913
3154,402.0,4.0,835.45,0.6377410468319559
3155,370.0,0.0,504.25,0.4192279299231171
3156,441.0,10.0,1506.95,0.5997497254181746
3157,370.0,0.0,504.25,0.4192279299231171
3158,414.0,1.0,763.65,0.5165109202542357
3159,402.0,4.0,835.45,0.6377410468319559
3160,402.0,4.0,835.45,0.6377410468319559
3161,441.0,10.0,1506.95,0.5997497254181746
3162,402.0,4.0,835.45,0.6377410468319559
3163,402.0,4.0,835.45,0.6377410468319559
3164,402.0,4.0,835.45,0.6377410468319559
3165,402.0,4.0,835.45,0.6377410468319559
3166,441.0,10.0,1506.95,0.5997497254181746
3167,402.0,4.0,835.45,0.6377410468319559
3168,402.0,4.0,835.45,0.6377410468319559
3169,402.0,4.0,835.45,0.6377410468319559
3170,402.0,4.0,835.45,0.6377410468319559
3171,441.0,10.0,1506.95,0.5997497254181746
3172,402.0,4.0,835.45,0.6377410468319559
3173,402.0,4.0,835.45,0.6377410468319559
3174,402.0,4.0,835.45,0.6377410468319559
3175,402.0,4.0,835.45,0.6377410468319559
3176,441.0,10.0,1506.95,0.5997497254181746
3177,402.0,4.0,835.45,0.6377410468319559
3178,393.0,4.0,838.15,0.6377410468319559
3179,402.0,4.0,835.45,0.6377410468319559
3180,402.0,2.0,746.0,0.521336358234754
3181,441.0,10.0,1506.95,0.5997497254181746
3182,402.0,2.0,746.0,0.521336358234754
3183,436.0,5.0,1094.6,0.6377410468319559
3184,402.0,4.0,835.45,0.6377410468319559
3185,400.0,0.0,671.75,0.4192279299231171
3186,441.0,10.0,1506.95,0.5997497254181746
3187,400.0,0.0,671.75,0.4192279299231171
3188,436.0,5.0,1094.6,0.6377410468319559
3189,402.0,4.0,835.45,0.6377410468319559
3190,402.0,4.0,835.45,0.6377410468319559
3191,441.0,10.0,1506.95,0.5997497254181746
3192,402.0,4.0,835.45,0.6377410468319559
3193,402.0,4.0,835.45,0.6377410468319559
3194,402.0,4.0,835.45,0.6377410468319559
3195,402.0,4.0,835.45,0.6377410468319559
3196,441.0,10.0,1506.95,0.5997497254181746
3197,402.0,4.0,835.45,0.6377410468319559
3198,402.0,4.0,835.45,0.6377410468319559
3199,402.0,4.0,835.45,0.6377410468319559
3200,402.0,4.0,835.45,0.6377410468319559
3201,441.0,10.0,1506.95,0.5997497254181746
3202,402.0,4.0,835.45,0.6377410468319559
3203,402.0,4.0,835.45,0.6377410468319559
3204,402.0,4.0,835.45,0.6377410468319559
3205,402.0,4.0,835.45,0.6377410468319559
3206,441.0,10.0,1506.95,0.5997497254181746
3207,402.0,4.0,835.45,0.6377410468319559
3208,403.0,4.0,839.35,0.6377410468319559
3209,402.0,4.0,835.45,0.6377410468319559
3210,431.0,3.0,921.65,0.6186193485658726
3211,441.0,10.0,1506.95,0.5997497254181746
3212,431.0,3.0,921.65,0.6186193485658726
3213,437.0,6.0,1175.9,0.6377410468319559
3214,402.0,4.0,835.45,0.6377410468319559
3215,431.0,3.0,921.65,0.6186193485658726
3216,441.0,10.0,1506.95,0.5997497254181746
3217,431.0,3.0,921.65,0.6186193485658726
3218,437.0,6.0,1175.9,0.6377410468319559
3219,402.0,4.0,835.45,0.6377410468319559
3220,188.0,3.0,501.85,0.6186193485658726
3221,424.0,2.0,839.65,0.5720664758097913
3222,118.0,4.0,499.05,0.6377410468319559
3223,401.0,3.0,754.15,0.6186193485658726
3224,402.0,4.0,835.45,0.6377410468319559
3225,110.0,2.0,335.75,0.5720664758097913
3226,369.0,1.0,512.4,0.4395559876843299
3227,110.0,2.0,335.75,0.5720664758097913
3228,394.0,2.0,672.15,0.5720664758097913
3229,402.0,4.0,835.45,0.6377410468319559
3230,156.0,1.0,260.1,0.4395559876843299
3231,355.0,0.0,420.5,0.34227299735321126
3232,156.0,1.0,260.1,0.4395559876843299
3233,171.0,1.0,343.85,0.5165109202542357
3234,402.0,4.0,835.45,0.6377410468319559
3235,142.0,0.0,168.2,0.34227299735321126
3236,284.0,0.0,336.4,0.34227299735321126
3237,142.0,0.0,168.2,0.34227299735321126
3238,157.0,0.0,251.95,0.4192279299231171
3239,402.0,4.0,835.45,0.6377410468319559
3240,142.0,0.0,168.2,0.34227299735321126
3241,284.0,0.0,336.4,0.34227299735321126
3242,142.0,0.0,168.2,0.34227299735321126
3243,157.0,0.0,251.95,0.4192279299231171
3244,402.0,4.0,835.45,0.6377410468319559
3245,142.0,0.0,168.2,0.34227299735321126
3246,284.0,0.0,336.4,0.34227299735321126
3247,142.0,0.0,168.2,0.34227299735321126
3248,157.0,0.0,251.95,0.4192279299231171
3249,402.0,4.0,835.45,0.6377410468319559
3250,401.0,3.0,754.15,0.6186193485658726
3251,436.0,5.0,1094.6,0.6377410468319559
3252,402.0,4.0,835.45,0.6377410468319559
3253,401.0,3.0,754.15,0.6186193485658726
3254,402.0,4.0,835.45,0.6377410468319559
3255,323.0,2.0,588.05,0.5720664758097913
3256,394.0,2.0,672.15,0.5720664758097913
3257,118.0,4.0,499.05,0.6377410468319559
3258,394.0,2.0,672.15,0.5720664758097913
3259,402.0,4.0,835.45,0.6377410468319559
3260,242.0,1.0,427.95,0.5165109202542357
3261,309.0,1.0,496.15,0.47478348547867266
3262,170.0,2.0,415.7,0.5388555789625308
3263,313.0,1.0,512.05,0.5165109202542357
3264,402.0,4.0,835.45,0.6377410468319559
3265,172.0,0.0,335.7,0.4192279299231171
3266,228.0,0.0,336.05,0.4192279299231171
3267,223.0,1.0,328.3,0.3978285529087668
3268,228.0,0.0,336.05,0.4192279299231171
3269,402.0,4.0,835.45,0.6377410468319559
3270,213.0,0.0,252.3,0.34227299735321126
3271,228.0,0.0,336.05,0.4192279299231171
3272,213.0,0.0,252.3,0.34227299735321126
3273,284.0,0.0,336.4,0.34227299735321126
3274,402.0,4.0,835.45,0.6377410468319559
3275,213.0,0.0,252.3,0.34227299735321126
3276,228.0,0.0,336.05,0.4192279299231171
3277,213.0,0.0,252.3,0.34227299735321126
3278,284.0,0.0,336.4,0.34227299735321126
3279,402.0,4.0,835.45,0.6377410468319559
3280,401.0,3.0,754.15,0.6186193485658726
3281,401.0,3.0,754.15,0.6186193485658726
3282,402.0,4.0,835.45,0.6377410468319559
3283,401.0,3.0,754.15,0.6186193485658726
3284,402.0,4.0,835.45,0.6377410468319559
3285,394.0,2.0,672.15,0.5720664758097913
3286,394.0,2.0,672.15,0.5720664758097913
3287,402.0,4.0,835.45,0.6377410468319559
3288,394.0,2.0,672.15,0.5720664758097913
3289,402.0,4.0,835.45,0.6377410468319559
3290,384.0,1.0,596.15,0.5165109202542357
3291,384.0,1.0,596.15,0.5165109202542357
3292,188.0,3.0,501.85,0.6186193485658726
3293,384.0,1.0,596.15,0.5165109202542357
3294,402.0,4.0,835.45,0.6377410468319559
3295,329.0,0.0,587.65,0.4145735429157889
3296,385.0,0.0,588.0,0.4192279299231171
3297,242.0,1.0,427.95,0.5165109202542357
3298,400.0,0.0,671.75,0.4145735429157889
3299,402.0,4.0,835.45,0.6377410468319559
3300,370.0,0.0,504.25,0.4192279299231171
3301,385.0,0.0,588.0,0.4192279299231171
3302,284.0,0.0,336.4,0.34227299735321126
3303,370.0,0.0,504.25,0.4192279299231171
3304,402.0,4.0,835.45,0.6377410468319559
3305,370.0,0.0,504.25,0.4192279299231171
3306,385.0,0.0,588.0,0.4192279299231171
3307,284.0,0.0,336.4,0.34227299735321126
3308,370.0,0.0,504.25,0.4192279299231171
3309,402.0,4.0,835.45,0.6377410468319559
3310,401.0,3.0,754.15,0.6186193485658726
3311,401.0,3.0,754.15,0.6186193485658726
3312,402.0,4.0,835.45,0.6377410468319559
3313,401.0,3.0,754.15,0.6186193485658726
3314,402.0,4.0,835.45,0.6377410468319559
3315,394.0,2.0,672.15,0.5720664758097913
3316,394.0,2.0,672.15,0.5720664758097913
3317,402.0,4.0,835.45,0.6377410468319559
3318,394.0,2.0,672.15,0.5720664758097913
3319,402.0,4.0,835.45,0.6377410468319559
3320,384.0,1.0,596.15,0.5165109202542357
3321,424.0,2.0,839.65,0.5720664758097913
3322,402.0,4.0,835.45,0.6377410468319559
3323,384.0,1.0,596.15,0.5165109202542357
3324,402.0,4.0,835.45,0.6377410468319559
3325,400.0,0.0,671.75,0.4145735429157889
3326,414.0,1.0,763.65,0.5165109202542357
3327,259.0,3.0,585.95,0.6186193485658726
3328,400.0,0.0,671.75,0.4145735429157889
3329,402.0,4.0,835.45,0.6377410468319559
3330,370.0,0.0,504.25,0.4192279299231171
3331,434.0,4.0,1009.4,0.6186193485658726
3332,309.0,1.0,496.15,0.47478348547867266
3333,370.0,0.0,504.25,0.4192279299231171
3334,402.0,4.0,835.45,0.6377410468319559
3335,370.0,0.0,504.25,0.4192279299231171
3336,434.0,4.0,1009.4,0.6186193485658726
3337,355.0,0.0,420.5,0.34227299735321126
3338,370.0,0.0,504.25,0.4192279299231171
3339,402.0,4.0,835.45,0.6377410468319559
3340,401.0,3.0,754.15,0.6186193485658726
3341,436.0,5.0,1094.6,0.6377410468319559
3342,402.0,4.0,835.45,0.6377410468319559
3343,401.0,3.0,754.15,0.6186193485658726
3344,402.0,4.0,835.45,0.6377410468319559
3345,394.0,2.0,672.15,0.5720664758097913
3346,438.0,7.0,1268.25,0.6377410468319559
3347,402.0,4.0,835.45,0.6377410468319559
3348,394.0,2.0,672.15,0.5720664758097913
3349,402.0,4.0,835.45,0.6377410468319559
3350,384.0,1.0,596.15,0.5165109202542357
3351,439.0,8.0,1346.95,0.6377410468319559
3352,402.0,4.0,835.45,0.6377410468319559
3353,384.0,1.0,596.15,0.5165109202542357
3354,402.0,4.0,835.45,0.6377410468319559
3355,400.0,0.0,671.75,0.4145735429157889
3356,438.0,7.0,1268.25,0.6377410468319559
3357,402.0,4.0,835.45,0.6377410468319559
3358,400.0,0.0,671.75,0.4145735429157889
3359,402.0,4.0,835.45,0.6377410468319559
3360,370.0,0.0,504.25,0.4192279299231171
3361,441.0,10.0,1506.95,0.5997497254181746
3362,338.0,2.0,671.8,0.5720664758097913
3363,370.0,0.0,504.25,0.4192279299231171
3364,402.0,4.0,835.45,0.6377410468319559
3365,370.0,0.0,504.25,0.4192279299231171
3366,441.0,10.0,1506.95,0.5997497254181746
3367,369.0,1.0,512.4,0.4395559876843299
3368,370.0,0.0,504.25,0.4192279299231171
3369,402.0,4.0,835.45,0.6377410468319559
3370,401.0,3.0,754.15,0.6186193485658726
3371,441.0,10.0,1506.95,0.5997497254181746
3372,402.0,4.0,835.45,0.6377410468319559
3373,401.0,3.0,754.15,0.6186193485658726
3374,402.0,4.0,835.45,0.6377410468319559
3375,394.0,2.0,672.15,0.5720664758097913
3376,441.0,10.0,1506.95,0.5997497254181746
3377,402.0,4.0,835.45,0.6377410468319559
3378,394.0,2.0,672.15,0.5720664758097913
3379,402.0,4.0,835.45,0.6377410468319559
3380,384.0,1.0,596.15,0.5165109202542357
3381,441.0,10.0,1506.95,0.5997497254181746
3382,402.0,4.0,835.45,0.6377410468319559
3383,384.0,1.0,596.15,0.5165109202542357
3384,402.0,4.0,835.45,0.6377410468319559
3385,400.0,0.0,671.75,0.4145735429157889
3386,441.0,10.0,1506.95,0.5997497254181746
3387,403.0,4.0,839.35,0.6377410468319559
3388,400.0,0.0,671.75,0.4145735429157889
3389,402.0,4.0,835.45,0.6377410468319559
3390,370.0,0.0,504.25,0.4192279299231171
3391,441.0,10.0,1506.95,0.5997497254181746
3392,393.0,4.0,838.15,0.6377410468319559
3393,370.0,0.0,504.25,0.4192279299231171
3394,402.0,4.0,835.45,0.6377410468319559
3395,370.0,0.0,504.25,0.4192279299231171
3396,441.0,10.0,1506.95,0.5997497254181746
3397,402.0,2.0,746.0,0.521336358234754
3398,370.0,0.0,504.25,0.4192279299231171
3399,402.0,4.0,835.45,0.6377410468319559
3400,118.0,4.0,499.05,0.6377410468319559
3401,424.0,2.0,839.65,0.5720664758097913
3402,118.0,4.0,499.05,0.6377410468319559
3403,402.0,4.0,835.45,0.6377410468319559
3404,402.0,4.0,835.45,0.6377410468319559
3405,110.0,2.0,335.75,0.5720664758097913
3406,369.0,1.0,512.4,0.4395559876843299
3407,110.0,2.0,335.75,0.5720664758097913
3408,259.0,3.0,585.95,0.6186193485658726
3409,402.0,4.0,835.45,0.6377410468319559
3410,156.0,1.0,260.1,0.4395559876843299
3411,355.0,0.0,420.5,0.34227299735321126
3412,156.0,1.0,260.1,0.4395559876843299
3413,171.0,1.0,343.85,0.5165109202542357
3414,402.0,4.0,835.45,0.6377410468319559
3415,142.0,0.0,168.2,0.34227299735321126
3416,284.0,0.0,336.4,0.34227299735321126
3417,142.0,0.0,168.2,0.34227299735321126
3418,157.0,0.0,251.95,0.4192279299231171
3419,402.0,4.0,835.45,0.6377410468319559
3420,142.0,0.0,168.2,0.34227299735321126
3421,284.0,0.0,336.4,0.34227299735321126
3422,142.0,0.0,168.2,0.34227299735321126
3423,157.0,0.0,251.95,0.4192279299231171
3424,402.0,4.0,835.45,0.6377410468319559
3425,142.0,0.0,168.2,0.34227299735321126
3426,284.0,0.0,336.4,0.34227299735321126
3427,142.0,0.0,168.2,0.34227299735321126
3428,157.0,0.0,251.95,0.4192279299231171
3429,402.0,4.0,835.45,0.6377410468319559
3430,402.0,4.0,835.45,0.6377410468319559
3431,439.0,8.0,1342.95,0.6377410468319559
3432,402.0,4.0,835.45,0.6377410468319559
3433,402.0,4.0,835.45,0.6377410468319559
3434,402.0,4.0,835.45,0.6377410468319559
3435,188.0,3.0,501.85,0.6186193485658726
3436,323.0,2.0,588.05,0.5720664758097913
3437,118.0,4.0,499.05,0.6377410468319559
3438,401.0,3.0,754.15,0.6186193485658726
3439,402.0,4.0,835.45,0.6377410468319559
3440,170.0,2.0,415.7,0.5388555789625308
3441,242.0,1.0,427.95,0.5165109202542357
3442,170.0,2.0,415.7,0.5388555789625308
3443,181.0,2.0,419.85,0.5720664758097913
3444,402.0,4.0,835.45,0.6377410468319559
3445,223.0,1.0,328.3,0.3978285529087668
3446,223.0,1.0,328.3,0.3978285529087668
3447,223.0,1.0,328.3,0.3978285529087668
3448,228.0,0.0,336.05,0.4192279299231171
3449,402.0,4.0,835.45,0.6377410468319559
3450,213.0,0.0,252.3,0.34227299735321126
3451,228.0,0.0,336.05,0.4192279299231171
3452,213.0,0.0,252.3,0.34227299735321126
3453,213.0,0.0,252.3,0.34227299735321126
3454,402.0,4.0,835.45,0.6377410468319559
3455,213.0,0.0,252.3,0.34227299735321126
3456,228.0,0.0,336.05,0.4192279299231171
3457,213.0,0.0,252.3,0.34227299735321126
3458,213.0,0.0,252.3,0.34227299735321126
3459,402.0,4.0,835.45,0.6377410468319559
3460,402.0,4.0,835.45,0.6377410468319559
3461,394.0,4.0,842.05,0.6377410468319559
3462,402.0,4.0,835.45,0.6377410468319559
3463,402.0,4.0,835.45,0.6377410468319559
3464,402.0,4.0,835.45,0.6377410468319559
3465,401.0,3.0,754.15,0.6186193485658726
3466,401.0,3.0,754.15,0.6186193485658726
3467,402.0,4.0,835.45,0.6377410468319559
3468,401.0,3.0,754.15,0.6186193485658726
3469,402.0,4.0,835.45,0.6377410468319559
3470,323.0,2.0,588.05,0.5720664758097913
3471,323.0,2.0,588.05,0.5720664758097913
3472,188.0,3.0,501.85,0.6186193485658726
3473,394.0,2.0,672.15,0.5720664758097913
3474,402.0,4.0,835.45,0.6377410468319559
3475,242.0,1.0,427.95,0.5165109202542357
3476,370.0,0.0,504.25,0.4192279299231171
3477,242.0,1.0,427.95,0.5165109202542357
3478,384.0,1.0,596.15,0.5165109202542357
3479,402.0,4.0,835.45,0.6377410468319559
3480,284.0,0.0,336.4,0.34227299735321126
3481,414.0,1.0,763.65,0.5165109202542357
3482,284.0,0.0,336.4,0.34227299735321126
3483,370.0,0.0,504.25,0.4192279299231171
3484,402.0,4.0,835.45,0.6377410468319559
3485,402.0,4.0,835.45,0.6377410468319559
3486,402.0,4.0,835.45,0.6377410468319559
3487,402.0,4.0,835.45,0.6377410468319559
3488,402.0,4.0,835.45,0.6377410468319559
3489,402.0,4.0,835.45,0.6377410468319559
3490,401.0,3.0,754.15,0.6186193485658726
3491,401.0,3.0,754.15,0.6186193485658726
3492,402.0,4.0,835.45,0.6377410468319559
3493,401.0,3.0,754.15,0.6186193485658726
3494,402.0,4.0,835.45,0.6377410468319559
3495,394.0,2.0,672.15,0.5720664758097913
3496,431.0,3.0,921.65,0.6186193485658726
3497,402.0,4.0,835.45,0.6377410468319559
3498,394.0,2.0,672.15,0.5720664758097913
3499,402.0,4.0,835.45,0.6377410468319559
3500,384.0,1.0,596.15,0.5165109202542357
3501,434.0,4.0,1009.4,0.6186193485658726
3502,259.0,3.0,585.95,0.6186193485658726
3503,384.0,1.0,596.15,0.5165109202542357
3504,402.0,4.0,835.45,0.6377410468319559
3505,370.0,0.0,504.25,0.4145735429157889
3506,437.0,6.0,1175.9,0.6377410468319559
3507,309.0,1.0,496.15,0.47478348547867266
3508,370.0,0.0,504.25,0.4145735429157889
3509,402.0,4.0,835.45,0.6377410468319559
3510,370.0,0.0,504.25,0.4192279299231171
3511,437.0,6.0,1175.9,0.6377410468319559
3512,355.0,0.0,420.5,0.34227299735321126
3513,370.0,0.0,504.25,0.4192279299231171
3514,402.0,4.0,835.45,0.6377410468319559
3515,402.0,4.0,835.45,0.6377410468319559
3516,436.0,5.0,1094.6,0.6215092097445039
3517,402.0,4.0,835.45,0.6377410468319559
3518,402.0,4.0,835.45,0.6377410468319559
3519,402.0,4.0,835.45,0.6377410468319559
3520,401.0,3.0,754.15,0.6186193485658726
3521,438.0,7.0,1261.65,0.6377410468319559
3522,402.0,4.0,835.45,0.6377410468319559
3523,401.0,3.0,754.15,0.6186193485658726
3524,402.0,4.0,835.45,0.6377410468319559
3525,394.0,2.0,672.15,0.5720664758097913
3526,440.0,9.0,1428.25,0.6377410468319559
3527,402.0,4.0,835.45,0.6377410468319559
3528,394.0,2.0,672.15,0.5720664758097913
3529,402.0,4.0,835.45,0.6377410468319559
3530,384.0,1.0,596.15,0.5165109202542357
3531,441.0,10.0,1506.95,0.5997497254181746
3532,402.0,4.0,835.45,0.6377410468319559
3533,384.0,1.0,596.15,0.5165109202542357
3534,402.0,4.0,835.45,0.6377410468319559
3535,370.0,0.0,504.25,0.4145735429157889
3536,441.0,10.0,1506.95,0.5997497254181746
3537,338.0,2.0,671.8,0.5720664758097913
3538,370.0,0.0,504.25,0.4145735429157889
3539,402.0,4.0,835.45,0.6377410468319559
3540,370.0,0.0,504.25,0.4192279299231171
3541,441.0,10.0,1506.95,0.5997497254181746
3542,369.0,1.0,512.4,0.4395559876843299
3543,370.0,0.0,504.25,0.4192279299231171
3544,402.0,4.0,835.45,0.6377410468319559
3545,402.0,4.0,835.45,0.6377410468319559
3546,441.0,10.0,1506.95,0.5997497254181746
3547,402.0,4.0,835.45,0.6377410468319559
3548,402.0,4.0,835.45,0.6377410468319559
3549,402.0,4.0,835.45,0.6377410468319559
3550,401.0,3.0,754.15,0.6186193485658726
3551,441.0,10.0,1506.95,0.5997497254181746
3552,402.0,4.0,835.45,0.6377410468319559
3553,401.0,3.0,754.15,0.6186193485658726
3554,402.0,4.0,835.45,0.6377410468319559
3555,394.0,2.0,672.15,0.5720664758097913
3556,441.0,10.0,1506.95,0.5997497254181746
3557,402.0,4.0,835.45,0.6377410468319559
3558,394.0,2.0,672.15,0.5720664758097913
3559,402.0,4.0,835.45,0.6377410468319559
3560,384.0,1.0,596.15,0.5165109202542357
3561,441.0,10.0,1506.95,0.5997497254181746
3562,403.0,4.0,839.35,0.6377410468319559
3563,384.0,1.0,596.15,0.5165109202542357
3564,402.0,4.0,835.45,0.6377410468319559
3565,370.0,0.0,504.25,0.4145735429157889
3566,441.0,10.0,1506.95,0.5997497254181746
3567,393.0,4.0,838.15,0.6377410468319559
3568,370.0,0.0,504.25,0.4145735429157889
3569,402.0,4.0,835.45,0.6377410468319559
3570,370.0,0.0,504.25,0.4192279299231171
3571,441.0,10.0,1506.95,0.5997497254181746
3572,402.0,2.0,746.0,0.521336358234754
3573,370.0,0.0,504.25,0.4192279299231171
3574,402.0,4.0,835.45,0.6377410468319559
3575,118.0,4.0,499.05,0.6377410468319559
3576,424.0,2.0,839.65,0.5720664758097913
3577,118.0,4.0,499.05,0.6377410468319559
3578,402.0,4.0,835.45,0.6377410468319559
3579,402.0,4.0,835.45,0.6377410468319559
3580,110.0,2.0,335.75,0.5720664758097913
3581,369.0,1.0,512.4,0.4395559876843299
3582,110.0,2.0,335.75,0.5720664758097913
3583,189.0,4.0,583.15,0.6377410468319559
3584,402.0,4.0,835.45,0.6377410468319559
3585,156.0,1.0,260.1,0.4395559876843299
3586,355.0,0.0,420.5,0.34227299735321126
3587,156.0,1.0,260.1,0.4395559876843299
3588,171.0,1.0,343.85,0.5165109202542357
3589,402.0,4.0,835.45,0.6377410468319559
3590,142.0,0.0,168.2,0.34227299735321126
3591,284.0,0.0,336.4,0.34227299735321126
3592,142.0,0.0,168.2,0.34227299735321126
3593,157.0,0.0,251.95,0.4192279299231171
3594,402.0,4.0,835.45,0.6377410468319559
3595,142.0,0.0,168.2,0.34227299735321126
3596,284.0,0.0,336.4,0.34227299735321126
3597,142.0,0.0,168.2,0.34227299735321126
3598,157.0,0.0,251.95,0.4192279299231171
3599,402.0,4.0,835.45,0.6377410468319559
3600,142.0,0.0,168.2,0.34227299735321126
3601,284.0,0.0,336.4,0.34227299735321126
3602,142.0,0.0,168.2,0.34227299735321126
3603,157.0,0.0,251.95,0.4192279299231171
3604,402.0,4.0,835.45,0.6377410468319559
3605,402.0,4.0,835.45,0.6377410468319559
3606,439.0,8.0,1342.95,0.6377410468319559
3607,402.0,4.0,835.45,0.6377410468319559
3608,402.0,4.0,835.45,0.6377410468319559
3609,402.0,4.0,835.45,0.6377410468319559
3610,118.0,4.0,499.05,0.6377410468319559
3611,323.0,2.0,588.05,0.5720664758097913
3612,118.0,4.0,499.05,0.6377410468319559
3613,331.0,4.0,751.35,0.6377410468319559
3614,402.0,4.0,835.45,0.6377410468319559
3615,170.0,2.0,415.7,0.5388555789625308
3616,242.0,1.0,427.95,0.5165109202542357
3617,170.0,2.0,415.7,0.5388555789625308
3618,181.0,2.0,419.85,0.5720664758097913
3619,402.0,4.0,835.45,0.6377410468319559
3620,223.0,1.0,328.3,0.3978285529087668
3621,223.0,1.0,328.3,0.3978285529087668
3622,223.0,1.0,328.3,0.3978285529087668
3623,228.0,0.0,336.05,0.4192279299231171
3624,402.0,4.0,835.45,0.6377410468319559
3625,213.0,0.0,252.3,0.34227299735321126
3626,228.0,0.0,336.05,0.4192279299231171
3627,213.0,0.0,252.3,0.34227299735321126
3628,213.0,0.0,252.3,0.34227299735321126
3629,402.0,4.0,835.45,0.6377410468319559
3630,213.0,0.0,252.3,0.34227299735321126
3631,228.0,0.0,336.05,0.4192279299231171
3632,213.0,0.0,252.3,0.34227299735321126
3633,213.0,0.0,252.3,0.34227299735321126
3634,402.0,4.0,835.45,0.6377410468319559
3635,402.0,4.0,835.45,0.6377410468319559
3636,394.0,4.0,842.05,0.6377410468319559
3637,402.0,4.0,835.45,0.6377410468319559
3638,402.0,4.0,835.45,0.6377410468319559
3639,402.0,4.0,835.45,0.6377410468319559
3640,402.0,4.0,835.45,0.6377410468319559
3641,416.0,3.0,837.9,0.6186193485658726
3642,402.0,4.0,835.45,0.6377410468319559
3643,402.0,4.0,835.45,0.6377410468319559
3644,402.0,4.0,835.45,0.6377410468319559
3645,188.0,3.0,501.85,0.6186193485658726
3646,323.0,2.0,588.05,0.5720664758097913
3647,188.0,3.0,501.85,0.6186193485658726
3648,330.0,3.0,670.05,0.6186193485658726
3649,402.0,4.0,835.45,0.6377410468319559
3650,242.0,1.0,427.95,0.5165109202542357
3651,372.0,2.0,578.5,0.4443814256648481
3652,242.0,1.0,427.95,0.5165109202542357
3653,252.0,2.0,503.95,0.5720664758097913
3654,402.0,4.0,835.45,0.6377410468319559
3655,284.0,0.0,336.4,0.34227299735321126
3656,414.0,1.0,763.65,0.5165109202542357
3657,284.0,0.0,336.4,0.34227299735321126
3658,309.0,1.0,496.15,0.47478348547867266
3659,402.0,4.0,835.45,0.6377410468319559
3660,284.0,0.0,336.4,0.34227299735321126
3661,414.0,1.0,763.65,0.5165109202542357
3662,284.0,0.0,336.4,0.34227299735321126
3663,355.0,0.0,420.5,0.34227299735321126
3664,402.0,4.0,835.45,0.6377410468319559
3665,402.0,4.0,835.45,0.6377410468319559
3666,402.0,4.0,835.45,0.6377410468319559
3667,402.0,4.0,835.45,0.6377410468319559
3668,402.0,4.0,835.45,0.6377410468319559
3669,402.0,4.0,835.45,0.6377410468319559
3670,402.0,4.0,835.45,0.6377410468319559
3671,402.0,4.0,835.45,0.6377410468319559
3672,402.0,4.0,835.45,0.6377410468319559
3673,402.0,4.0,835.45,0.6377410468319559
3674,402.0,4.0,835.45,0.6377410468319559
3675,401.0,3.0,754.15,0.6186193485658726
3676,431.0,3.0,921.65,0.6186193485658726
3677,402.0,4.0,835.45,0.6377410468319559
3678,401.0,3.0,754.15,0.6186193485658726
3679,402.0,4.0,835.45,0.6377410468319559
3680,323.0,2.0,588.05,0.5720664758097913
3681,437.0,6.0,1173.3,0.6189074344154558
3682,259.0,3.0,585.95,0.6186193485658726
3683,394.0,2.0,672.15,0.5720664758097913
3684,402.0,4.0,835.45,0.6377410468319559
3685,309.0,1.0,496.15,0.47478348547867266
3686,438.0,7.0,1261.65,0.6377410468319559
3687,309.0,1.0,496.15,0.47478348547867266
3688,384.0,1.0,596.15,0.5165109202542357
3689,402.0,4.0,835.45,0.6377410468319559
3690,355.0,0.0,420.5,0.34227299735321126
3691,440.0,9.0,1428.25,0.6377410468319559
3692,355.0,0.0,420.5,0.34227299735321126
3693,370.0,0.0,504.25,0.4145735429157889
3694,402.0,4.0,835.45,0.6377410468319559
3695,402.0,4.0,835.45,0.6377410468319559
3696,438.0,7.0,1261.65,0.6377410468319559
3697,402.0,4.0,835.45,0.6377410468319559
3698,402.0,4.0,835.45,0.6377410468319559
3699,402.0,4.0,835.45,0.6377410468319559
3700,402.0,4.0,835.45,0.6377410468319559
3701,438.0,7.0,1261.65,0.6377410468319559
3702,402.0,4.0,835.45,0.6377410468319559
3703,402.0,4.0,835.45,0.6377410468319559
3704,402.0,4.0,835.45,0.6377410468319559
3705,401.0,3.0,754.15,0.6186193485658726
3706,440.0,9.0,1428.25,0.6377410468319559
3707,402.0,4.0,835.45,0.6377410468319559
3708,401.0,3.0,754.15,0.6186193485658726
3709,402.0,4.0,835.45,0.6377410468319559
3710,394.0,2.0,672.15,0.5720664758097913
3711,441.0,10.0,1506.95,0.5997497254181746
3712,402.0,4.0,835.45,0.6377410468319559
3713,394.0,2.0,672.15,0.5720664758097913
3714,402.0,4.0,835.45,0.6377410468319559
3715,384.0,1.0,596.15,0.5165109202542357
3716,441.0,10.0,1506.95,0.5997497254181746
3717,338.0,2.0,671.8,0.5720664758097913
3718,384.0,1.0,596.15,0.5165109202542357
3719,402.0,4.0,835.45,0.6377410468319559
3720,370.0,0.0,504.25,0.4145735429157889
3721,441.0,10.0,1506.95,0.5997497254181746
3722,369.0,1.0,512.4,0.4395559876843299
3723,370.0,0.0,504.25,0.4145735429157889
3724,402.0,4.0,835.45,0.6377410468319559
3725,402.0,4.0,835.45,0.6377410468319559
3726,441.0,10.0,1506.95,0.5997497254181746
3727,402.0,4.0,835.45,0.6377410468319559
3728,402.0,4.0,835.45,0.6377410468319559
3729,402.0,4.0,835.45,0.6377410468319559
3730,402.0,4.0,835.45,0.6377410468319559
3731,441.0,10.0,1506.95,0.5997497254181746
3732,402.0,4.0,835.45,0.6377410468319559
3733,402.0,4.0,835.45,0.6377410468319559
3734,402.0,4.0,835.45,0.6377410468319559
3735,401.0,3.0,754.15,0.6186193485658726
3736,441.0,10.0,1506.95,0.5997497254181746
3737,402.0,4.0,835.45,0.6377410468319559
3738,401.0,3.0,754.15,0.6186193485658726
3739,402.0,4.0,835.45,0.6377410468319559
3740,394.0,2.0,672.15,0.5720664758097913
3741,441.0,10.0,1506.95,0.5997497254181746
3742,403.0,4.0,839.35,0.6377410468319559
3743,394.0,2.0,672.15,0.5720664758097913
3744,402.0,4.0,835.45,0.6377410468319559
3745,384.0,1.0,596.15,0.5165109202542357
3746,441.0,10.0,1506.95,0.5997497254181746
3747,393.0,4.0,838.15,0.6377410468319559
3748,384.0,1.0,596.15,0.5165109202542357
3749,402.0,4.0,835.45,0.6377410468319559
3750,370.0,0.0,504.25,0.4145735429157889
3751,441.0,10.0,1506.95,0.5997497254181746
3752,402.0,2.0,746.0,0.521336358234754
3753,370.0,0.0,504.25,0.4145735429157889
3754,402.0,4.0,835.45,0.6377410468319559
3755,118.0,4.0,499.05,0.6377410468319559
3756,424.0,2.0,839.65,0.5720664758097913
3757,118.0,4.0,499.05,0.6377410468319559
3758,402.0,4.0,835.45,0.6377410468319559
3759,402.0,4.0,835.45,0.6377410468319559
3760,110.0,2.0,335.75,0.5720664758097913
3761,369.0,1.0,512.4,0.4395559876843299
3762,110.0,2.0,335.75,0.5720664758097913
3763,189.0,4.0,583.15,0.6377410468319559
3764,402.0,4.0,835.45,0.6377410468319559
3765,156.0,1.0,260.1,0.4395559876843299
3766,355.0,0.0,420.5,0.34227299735321126
3767,156.0,1.0,260.1,0.4395559876843299
3768,171.0,1.0,343.85,0.5165109202542357
3769,402.0,4.0,835.45,0.6377410468319559
3770,142.0,0.0,168.2,0.34227299735321126
3771,284.0,0.0,336.4,0.34227299735321126
3772,142.0,0.0,168.2,0.34227299735321126
3773,157.0,0.0,251.95,0.4192279299231171
3774,402.0,4.0,835.45,0.6377410468319559
3775,142.0,0.0,168.2,0.34227299735321126
3776,284.0,0.0,336.4,0.34227299735321126
3777,142.0,0.0,168.2,0.34227299735321126
3778,157.0,0.0,251.95,0.4192279299231171
3779,402.0,4.0,835.45,0.6377410468319559
3780,142.0,0.0,168.2,0.34227299735321126
3781,284.0,0.0,336.4,0.34227299735321126
3782,142.0,0.0,168.2,0.34227299735321126
3783,157.0,0.0,251.95,0.4192279299231171
3784,402.0,4.0,835.45,0.6377410468319559
3785,402.0,4.0,835.45,0.6377410468319559
3786,439.0,8.0,1342.95,0.6377410468319559
3787,402.0,4.0,835.45,0.6377410468319559
3788,402.0,4.0,835.45,0.6377410468319559
3789,402.0,4.0,835.45,0.6377410468319559
3790,118.0,4.0,499.05,0.6377410468319559
3791,323.0,2.0,588.05,0.5720664758097913
3792,118.0,4.0,499.05,0.6377410468319559
3793,331.0,4.0,751.35,0.6377410468319559
3794,402.0,4.0,835.45,0.6377410468319559
3795,170.0,2.0,415.7,0.5388555789625308
3796,242.0,1.0,427.95,0.5165109202542357
3797,170.0,2.0,415.7,0.5388555789625308
3798,181.0,2.0,419.85,0.5720664758097913
3799,402.0,4.0,835.45,0.6377410468319559
3800,223.0,1.0,328.3,0.3978285529087668
3801,223.0,1.0,328.3,0.3978285529087668
3802,223.0,1.0,328.3,0.3978285529087668
3803,228.0,0.0,336.05,0.4192279299231171
3804,402.0,4.0,835.45,0.6377410468319559
3805,213.0,0.0,252.3,0.34227299735321126
3806,228.0,0.0,336.05,0.4192279299231171
3807,213.0,0.0,252.3,0.34227299735321126
3808,213.0,0.0,252.3,0.34227299735321126
3809,402.0,4.0,835.45,0.6377410468319559
3810,213.0,0.0,252.3,0.34227299735321126
3811,228.0,0.0,336.05,0.4192279299231171
3812,213.0,0.0,252.3,0.34227299735321126
3813,213.0,0.0,252.3,0.34227299735321126
3814,402.0,4.0,835.45,0.6377410468319559
3815,402.0,4.0,835.45,0.6377410468319559
3816,394.0,4.0,842.05,0.6377410468319559
3817,402.0,4.0,835.45,0.6377410468319559
3818,402.0,4.0,835.45,0.6377410468319559
3819,402.0,4.0,835.45,0.6377410468319559
3820,402.0,4.0,835.45,0.6377410468319559
3821,416.0,3.0,837.9,0.6186193485658726
3822,402.0,4.0,835.45,0.6377410468319559
3823,402.0,4.0,835.45,0.6377410468319559
3824,402.0,4.0,835.45,0.6377410468319559
3825,188.0,3.0,501.85,0.6186193485658726
3826,323.0,2.0,588.05,0.5720664758097913
3827,188.0,3.0,501.85,0.6186193485658726
3828,190.0,4.0,587.05,0.6377410468319559
3829,402.0,4.0,835.45,0.6377410468319559
3830,242.0,1.0,427.95,0.5165109202542357
3831,372.0,2.0,578.5,0.4443814256648481
3832,242.0,1.0,427.95,0.5165109202542357
3833,252.0,2.0,503.95,0.5720664758097913
3834,402.0,4.0,835.45,0.6377410468319559
3835,284.0,0.0,336.4,0.34227299735321126
3836,414.0,1.0,763.65,0.5165109202542357
3837,284.0,0.0,336.4,0.34227299735321126
3838,309.0,1.0,496.15,0.47478348547867266
3839,402.0,4.0,835.45,0.6377410468319559
3840,284.0,0.0,336.4,0.34227299735321126
3841,414.0,1.0,763.65,0.5165109202542357
3842,284.0,0.0,336.4,0.34227299735321126
3843,355.0,0.0,420.5,0.34227299735321126
3844,402.0,4.0,835.45,0.6377410468319559
3845,402.0,4.0,835.45,0.6377410468319559
3846,402.0,4.0,835.45,0.6377410468319559
3847,402.0,4.0,835.45,0.6377410468319559
3848,402.0,4.0,835.45,0.6377410468319559
3849,402.0,4.0,835.45,0.6377410468319559
3850,402.0,4.0,835.45,0.6377410468319559
3851,402.0,4.0,835.45,0.6377410468319559
3852,402.0,4.0,835.45,0.6377410468319559
3853,402.0,4.0,835.45,0.6377410468319559
3854,402.0,4.0,835.45,0.6377410468319559
3855,402.0,4.0,835.45,0.6377410468319559
3856,416.0,3.0,837.9,0.6186193485658726
3857,402.0,4.0,835.45,0.6377410468319559
3858,402.0,4.0,835.45,0.6377410468319559
3859,402.0,4.0,835.45,0.6377410468319559
3860,259.0,3.0,585.95,0.6186193485658726
3861,436.0,5.0,1094.6,0.6377410468319559
3862,259.0,3.0,585.95,0.6186193485658726
3863,401.0,3.0,754.15,0.6186193485658726
3864,402.0,4.0,835.45,0.6377410468319559
3865,309.0,1.0,496.15,0.47478348547867266
3866,440.0,9.0,1428.25,0.6377410468319559
3867,309.0,1.0,496.15,0.47478348547867266
3868,394.0,2.0,672.15,0.5720664758097913
3869,402.0,4.0,835.45,0.6377410468319559
3870,355.0,0.0,420.5,0.34227299735321126
3871,441.0,10.0,1506.95,0.5997497254181746
3872,355.0,0.0,420.5,0.34227299735321126
3873,399.0,1.0,679.9,0.5165109202542357
3874,402.0,4.0,835.45,0.6377410468319559
3875,402.0,4.0,835.45,0.6377410468319559
3876,440.0,9.0,1428.25,0.6377410468319559
3877,402.0,4.0,835.45,0.6377410468319559
3878,402.0,4.0,835.45,0.6377410468319559
3879,402.0,4.0,835.45,0.6377410468319559
3880,402.0,4.0,835.45,0.6377410468319559
3881,440.0,9.0,1428.25,0.6377410468319559
3882,402.0,4.0,835.45,0.6377410468319559
3883,402.0,4.0,835.45,0.6377410468319559
3884,402.0,4.0,835.45,0.6377410468319559
3885,402.0,4.0,835.45,0.6377410468319559
3886,440.0,9.0,1428.25,0.6377410468319559
3887,402.0,4.0,835.45,0.6377410468319559
3888,402.0,4.0,835.45,0.6377410468319559
3889,402.0,4.0,835.45,0.6377410468319559
3890,401.0,3.0,754.15,0.6186193485658726
3891,441.0,10.0,1506.95,0.5997497254181746
3892,402.0,4.0,835.45,0.6377410468319559
3893,401.0,3.0,754.15,0.6186193485658726
3894,402.0,4.0,835.45,0.6377410468319559
3895,338.0,2.0,671.8,0.5720664758097913
3896,441.0,10.0,1506.95,0.5997497254181746
3897,338.0,2.0,671.8,0.5720664758097913
3898,394.0,2.0,672.15,0.5720664758097913
3899,402.0,4.0,835.45,0.6377410468319559
3900,369.0,1.0,512.4,0.4395559876843299
3901,441.0,10.0,1506.95,0.5997497254181746
3902,369.0,1.0,512.4,0.4395559876843299
3903,399.0,1.0,679.9,0.5165109202542357
3904,402.0,4.0,835.45,0.6377410468319559
3905,402.0,4.0,835.45,0.6377410468319559
3906,441.0,10.0,1506.95,0.5997497254181746
3907,402.0,4.0,835.45,0.6377410468319559
3908,402.0,4.0,835.45,0.6377410468319559
3909,402.0,4.0,835.45,0.6377410468319559
3910,402.0,4.0,835.45,0.6377410468319559
3911,441.0,10.0,1506.95,0.5997497254181746
3912,402.0,4.0,835.45,0.6377410468319559
3913,402.0,4.0,835.45,0.6377410468319559
3914,402.0,4.0,835.45,0.6377410468319559
3915,402.0,4.0,835.45,0.6377410468319559
3916,441.0,10.0,1506.95,0.5997497254181746
3917,402.0,4.0,835.45,0.6377410468319559
3918,402.0,4.0,835.45,0.6377410468319559
3919,402.0,4.0,835.45,0.6377410468319559
3920,401.0,3.0,754.15,0.6186193485658726
3921,441.0,10.0,1506.95,0.5997497254181746
3922,403.0,4.0,839.35,0.6377410468319559
3923,401.0,3.0,754.15,0.6186193485658726
3924,402.0,4.0,835.45,0.6377410468319559
3925,385.0,2.0,674.85,0.5720664758097913
3926,441.0,10.0,1506.95,0.5997497254181746
3927,393.0,4.0,838.15,0.6377410468319559
3928,394.0,2.0,672.15,0.5720664758097913
3929,402.0,4.0,835.45,0.6377410468319559
3930,399.0,1.0,679.9,0.5165109202542357
3931,441.0,10.0,1506.95,0.5997497254181746
3932,402.0,2.0,746.0,0.521336358234754
3933,399.0,1.0,679.9,0.5165109202542357
3934,402.0,4.0,835.45,0.6377410468319559
3935,118.0,4.0,499.05,0.6377410468319559
3936,424.0,2.0,839.65,0.5720664758097913
3937,118.0,4.0,499.05,0.6377410468319559
3938,402.0,4.0,835.45,0.6377410468319559
3939,402.0,4.0,835.45,0.6377410468319559
3940,110.0,2.0,335.75,0.5720664758097913
3941,369.0,1.0,512.4,0.4395559876843299
3942,110.0,2.0,335.75,0.5720664758097913
3943,189.0,4.0,583.15,0.6377410468319559
3944,402.0,4.0,835.45,0.6377410468319559
3945,156.0,1.0,260.1,0.4395559876843299
3946,355.0,0.0,420.5,0.34227299735321126
3947,156.0,1.0,260.1,0.4395559876843299
3948,171.0,1.0,343.85,0.5165109202542357
3949,402.0,4.0,835.45,0.6377410468319559
3950,142.0,0.0,168.2,0.34227299735321126
3951,284.0,0.0,336.4,0.34227299735321126
3952,142.0,0.0,168.2,0.34227299735321126
3953,157.0,0.0,251.95,0.4192279299231171
3954,402.0,4.0,835.45,0.6377410468319559
3955,142.0,0.0,168.2,0.34227299735321126
3956,284.0,0.0,336.4,0.34227299735321126
3957,142.0,0.0,168.2,0.34227299735321126
3958,157.0,0.0,251.95,0.4192279299231171
3959,402.0,4.0,835.45,0.6377410468319559
3960,142.0,0.0,168.2,0.34227299735321126
3961,284.0,0.0,336.4,0.34227299735321126
3962,142.0,0.0,168.2,0.34227299735321126
3963,157.0,0.0,251.95,0.4192279299231171
3964,402.0,4.0,835.45,0.6377410468319559
3965,402.0,4.0,835.45,0.6377410468319559
3966,439.0,8.0,1342.95,0.6377410468319559
3967,402.0,4.0,835.45,0.6377410468319559
3968,402.0,4.0,835.45,0.6377410468319559
3969,402.0,4.0,835.45,0.6377410468319559
3970,118.0,4.0,499.05,0.6377410468319559
3971,323.0,2.0,588.05,0.5720664758097913
3972,118.0,4.0,499.05,0.6377410468319559
3973,331.0,4.0,751.35,0.6377410468319559
3974,402.0,4.0,835.45,0.6377410468319559
3975,170.0,2.0,415.7,0.5388555789625308
3976,242.0,1.0,427.95,0.5165109202542357
3977,170.0,2.0,415.7,0.5388555789625308
3978,181.0,2.0,419.85,0.5720664758097913
3979,402.0,4.0,835.45,0.6377410468319559
3980,223.0,1.0,328.3,0.3978285529087668
3981,223.0,1.0,328.3,0.3978285529087668
3982,223.0,1.0,328.3,0.3978285529087668
3983,228.0,0.0,336.05,0.4192279299231171
3984,402.0,4.0,835.45,0.6377410468319559
3985,213.0,0.0,252.3,0.34227299735321126
3986,228.0,0.0,336.05,0.4192279299231171
3987,213.0,0.0,252.3,0.34227299735321126
3988,213.0,0.0,252.3,0.34227299735321126
3989,402.0,4.0,835.45,0.6377410468319559
3990,213.0,0.0,252.3,0.34227299735321126
3991,228.0,0.0,336.05,0.4192279299231171
3992,213.0,0.0,252.3,0.34227299735321126
3993,213.0,0.0,252.3,0.34227299735321126
3994,402.0,4.0,835.45,0.6377410468319559
3995,402.0,4.0,835.45,0.6377410468319559
3996,394.0,4.0,842.05,0.6377410468319559
3997,402.0,4.0,835.45,0.6377410468319559
3998,402.0,4.0,835.45,0.6377410468319559
3999,402.0,4.0,835.45,0.6377410468319559
4000,402.0,4.0,835.45,0.6377410468319559
4001,416.0,3.0,837.9,0.6186193485658726
4002,402.0,4.0,835.45,0.6377410468319559
4003,402.0,4.0,835.45,0.6377410468319559
4004,402.0,4.0,835.45,0.6377410468319559
4005,188.0,3.0,501.85,0.6186193485658726
4006,323.0,2.0,588.05,0.5720664758097913
4007,188.0,3.0,501.85,0.6186193485658726
4008,190.0,4.0,587.05,0.6377410468319559
4009,402.0,4.0,835.45,0.6377410468319559
4010,242.0,1.0,427.95,0.5165109202542357
4011,372.0,2.0,578.5,0.4443814256648481
4012,242.0,1.0,427.95,0.5165109202542357
4013,252.0,2.0,503.95,0.5720664758097913
4014,402.0,4.0,835.45,0.6377410468319559
4015,284.0,0.0,336.4,0.34227299735321126
4016,414.0,1.0,763.65,0.5165109202542357
4017,284.0,0.0,336.4,0.34227299735321126
4018,309.0,1.0,496.15,0.47478348547867266
4019,402.0,4.0,835.45,0.6377410468319559
4020,284.0,0.0,336.4,0.34227299735321126
4021,414.0,1.0,763.65,0.5165109202542357
4022,284.0,0.0,336.4,0.34227299735321126
4023,355.0,0.0,420.5,0.34227299735321126
4024,402.0,4.0,835.45,0.6377410468319559
4025,402.0,4.0,835.45,0.6377410468319559
4026,402.0,4.0,835.45,0.6377410468319559
4027,402.0,4.0,835.45,0.6377410468319559
4028,402.0,4.0,835.45,0.6377410468319559
4029,402.0,4.0,835.45,0.6377410468319559
4030,402.0,4.0,835.45,0.6377410468319559
4031,402.0,4.0,835.45,0.6377410468319559
4032,402.0,4.0,835.45,0.6377410468319559
4033,402.0,4.0,835.45,0.6377410468319559
4034,402.0,4.0,835.45,0.6377410468319559
4035,402.0,4.0,835.45,0.6377410468319559
4036,416.0,3.0,837.9,0.6186193485658726
4037,402.0,4.0,835.45,0.6377410468319559
4038,402.0,4.0,835.45,0.6377410468319559
4039,402.0,4.0,835.45,0.6377410468319559
4040,259.0,3.0,585.95,0.6186193485658726
4041,436.0,5.0,1094.6,0.6377410468319559
4042,259.0,3.0,585.95,0.6186193485658726
4043,402.0,4.0,835.45,0.6377410468319559
4044,402.0,4.0,835.45,0.6377410468319559
4045,309.0,1.0,496.15,0.47478348547867266
4046,440.0,9.0,1428.25,0.6377410468319559
4047,309.0,1.0,496.15,0.47478348547867266
4048,390.0,3.0,750.0,0.5854084517186121
4049,402.0,4.0,835.45,0.6377410468319559
4050,355.0,0.0,420.5,0.34227299735321126
4051,441.0,10.0,1506.95,0.5997497254181746
4052,355.0,0.0,420.5,0.34227299735321126
4053,394.0,2.0,672.15,0.5720664758097913
4054,402.0,4.0,835.45,0.6377410468319559
4055,402.0,4.0,835.45,0.6377410468319559
4056,441.0,10.0,1506.95,0.6283602513549038
4057,402.0,4.0,835.45,0.6377410468319559
4058,402.0,4.0,835.45,0.6377410468319559
4059,402.0,4.0,835.45,0.6377410468319559
4060,402.0,4.0,835.45,0.6377410468319559
4061,441.0,10.0,1506.95,0.5997497254181746
4062,402.0,4.0,835.45,0.6377410468319559
4063,402.0,4.0,835.45,0.6377410468319559
4064,402.0,4.0,835.45,0.6377410468319559
4065,402.0,4.0,835.45,0.6377410468319559
4066,441.0,10.0,1506.95,0.5997497254181746
4067,402.0,4.0,835.45,0.6377410468319559
4068,402.0,4.0,835.45,0.6377410468319559
4069,402.0,4.0,835.45,0.6377410468319559
4070,402.0,4.0,835.45,0.6377410468319559
4071,441.0,10.0,1506.95,0.5997497254181746
4072,402.0,4.0,835.45,0.6377410468319559
4073,403.0,4.0,839.35,0.6377410468319559
4074,402.0,4.0,835.45,0.6377410468319559
4075,338.0,2.0,671.8,0.5720664758097913
4076,441.0,10.0,1506.95,0.5997497254181746
4077,338.0,2.0,671.8,0.5720664758097913
4078,401.0,3.0,754.15,0.6186193485658726
4079,402.0,4.0,835.45,0.6377410468319559
4080,369.0,1.0,512.4,0.4395559876843299
4081,441.0,10.0,1506.95,0.5997497254181746
4082,369.0,1.0,512.4,0.4395559876843299
4083,424.0,2.0,839.65,0.5720664758097913
4084,402.0,4.0,835.45,0.6377410468319559
4085,402.0,4.0,835.45,0.6377410468319559
4086,441.0,10.0,1506.95,0.5997497254181746
4087,402.0,4.0,835.45,0.6377410468319559
4088,402.0,4.0,835.45,0.6377410468319559
4089,402.0,4.0,835.45,0.6377410468319559
4090,402.0,4.0,835.45,0.6377410468319559
4091,441.0,10.0,1506.95,0.5997497254181746
4092,402.0,4.0,835.45,0.6377410468319559
4093,402.0,4.0,835.45,0.6377410468319559
4094,402.0,4.0,835.45,0.6377410468319559
4095,402.0,4.0,835.45,0.6377410468319559
4096,441.0,10.0,1506.95,0.5997497254181746
4097,402.0,4.0,835.45,0.6377410468319559
4098,402.0,4.0,835.45,0.6377410468319559
4099,402.0,4.0,835.45,0.6377410468319559
4100,403.0,4.0,839.35,0.6377410468319559
4101,441.0,10.0,1506.95,0.5997497254181746
4102,403.0,4.0,839.35,0.6377410468319559
4103,403.0,4.0,839.35,0.6377410468319559
4104,402.0,4.0,835.45,0.6377410468319559
4105,401.0,3.0,754.15,0.6186193485658726
4106,441.0,10.0,1506.95,0.5997497254181746
4107,393.0,4.0,838.15,0.6377410468319559
4108,401.0,3.0,754.15,0.6186193485658726
4109,402.0,4.0,835.45,0.6377410468319559
4110,402.0,2.0,746.0,0.521336358234754
4111,441.0,10.0,1506.95,0.5997497254181746
4112,402.0,2.0,746.0,0.521336358234754
4113,424.0,2.0,839.65,0.5720664758097913
4114,402.0,4.0,835.45,0.6377410468319559
4115,118.0,4.0,499.05,0.6377410468319559
4116,424.0,2.0,839.65,0.5720664758097913
4117,118.0,4.0,499.05,0.6377410468319559
4118,402.0,4.0,835.45,0.6377410468319559
4119,402.0,4.0,835.45,0.6377410468319559
4120,110.0,2.0,335.75,0.5720664758097913
4121,369.0,1.0,512.4,0.4395559876843299
4122,110.0,2.0,335.75,0.5720664758097913
4123,189.0,4.0,583.15,0.6377410468319559
4124,402.0,4.0,835.45,0.6377410468319559
4125,156.0,1.0,260.1,0.4395559876843299
4126,355.0,0.0,420.5,0.34227299735321126
4127,156.0,1.0,260.1,0.4395559876843299
4128,171.0,1.0,343.85,0.5165109202542357
4129,402.0,4.0,835.45,0.6377410468319559
4130,142.0,0.0,168.2,0.34227299735321126
4131,284.0,0.0,336.4,0.34227299735321126
4132,142.0,0.0,168.2,0.34227299735321126
4133,157.0,0.0,251.95,0.4192279299231171
4134,402.0,4.0,835.45,0.6377410468319559
4135,142.0,0.0,168.2,0.34227299735321126
4136,284.0,0.0,336.4,0.34227299735321126
4137,142.0,0.0,168.2,0.34227299735321126
4138,157.0,0.0,251.95,0.4192279299231171
4139,402.0,4.0,835.45,0.6377410468319559
4140,142.0,0.0,168.2,0.34227299735321126
4141,284.0,0.0,336.4,0.34227299735321126
4142,142.0,0.0,168.2,0.34227299735321126
4143,157.0,0.0,251.95,0.4192279299231171
4144,402.0,4.0,835.45,0.6377410468319559
4145,402.0,4.0,835.45,0.6377410468319559
4146,439.0,8.0,1342.95,0.6377410468319559
4147,402.0,4.0,835.45,0.6377410468319559
4148,402.0,4.0,835.45,0.6377410468319559
4149,402.0,4.0,835.45,0.6377410468319559
4150,118.0,4.0,499.05,0.6377410468319559
4151,323.0,2.0,588.05,0.5720664758097913
4152,118.0,4.0,499.05,0.6377410468319559
4153,331.0,4.0,751.35,0.6377410468319559
4154,402.0,4.0,835.45,0.6377410468319559
4155,170.0,2.0,415.7,0.5388555789625308
4156,242.0,1.0,427.95,0.5165109202542357
4157,170.0,2.0,415.7,0.5388555789625308
4158,181.0,2.0,419.85,0.5720664758097913
4159,402.0,4.0,835.45,0.6377410468319559
4160,223.0,1.0,328.3,0.3978285529087668
4161,223.0,1.0,328.3,0.3978285529087668
4162,223.0,1.0,328.3,0.3978285529087668
4163,228.0,0.0,336.05,0.4192279299231171
4164,402.0,4.0,835.45,0.6377410468319559
4165,213.0,0.0,252.3,0.34227299735321126
4166,284.0,0.0,336.4,0.34227299735321126
4167,213.0,0.0,252.3,0.34227299735321126
4168,213.0,0.0,252.3,0.34227299735321126
4169,402.0,4.0,835.45,0.6377410468319559
4170,213.0,0.0,252.3,0.34227299735321126
4171,284.0,0.0,336.4,0.34227299735321126
4172,213.0,0.0,252.3,0.34227299735321126
4173,213.0,0.0,252.3,0.34227299735321126
4174,402.0,4.0,835.45,0.6377410468319559
4175,402.0,4.0,835.45,0.6377410468319559
4176,394.0,4.0,842.05,0.6377410468319559
4177,402.0,4.0,835.45,0.6377410468319559
4178,402.0,4.0,835.45,0.6377410468319559
4179,402.0,4.0,835.45,0.6377410468319559
4180,402.0,4.0,835.45,0.6377410468319559
4181,416.0,3.0,837.9,0.6186193485658726
4182,402.0,4.0,835.45,0.6377410468319559
4183,402.0,4.0,835.45,0.6377410468319559
4184,402.0,4.0,835.45,0.6377410468319559
4185,188.0,3.0,501.85,0.6186193485658726
4186,323.0,2.0,588.05,0.5720664758097913
4187,188.0,3.0,501.85,0.6186193485658726
4188,190.0,4.0,587.05,0.6377410468319559
4189,402.0,4.0,835.45,0.6377410468319559
4190,242.0,1.0,427.95,0.5165109202542357
4191,372.0,2.0,578.5,0.4443814256648481
4192,242.0,1.0,427.95,0.5165109202542357
4193,252.0,2.0,503.95,0.5720664758097913
4194,402.0,4.0,835.45,0.6377410468319559
4195,284.0,0.0,336.4,0.34227299735321126
4196,414.0,1.0,763.65,0.5165109202542357
4197,284.0,0.0,336.4,0.34227299735321126
4198,309.0,1.0,496.15,0.47478348547867266
4199,402.0,4.0,835.45,0.6377410468319559
4200,284.0,0.0,336.4,0.34227299735321126
4201,414.0,1.0,763.65,0.5165109202542357
4202,284.0,0.0,336.4,0.34227299735321126
4203,355.0,0.0,420.5,0.34227299735321126
4204,402.0,4.0,835.45,0.6377410468319559
4205,402.0,4.0,835.45,0.6377410468319559
4206,402.0,4.0,835.45,0.6377410468319559
4207,402.0,4.0,835.45,0.6377410468319559
4208,402.0,4.0,835.45,0.6377410468319559
4209,402.0,4.0,835.45,0.6377410468319559
4210,402.0,4.0,835.45,0.6377410468319559
4211,402.0,4.0,835.45,0.6377410468319559
4212,402.0,4.0,835.45,0.6377410468319559
4213,402.0,4.0,835.45,0.6377410468319559
4214,402.0,4.0,835.45,0.6377410468319559
4215,402.0,4.0,835.45,0.6377410468319559
4216,416.0,3.0,837.9,0.6186193485658726
4217,402.0,4.0,835.45,0.6377410468319559
4218,402.0,4.0,835.45,0.6377410468319559
4219,402.0,4.0,835.45,0.6377410468319559
4220,259.0,3.0,585.95,0.6186193485658726
4221,436.0,5.0,1094.6,0.6377410468319559
4222,259.0,3.0,585.95,0.6186193485658726
4223,402.0,4.0,835.45,0.6377410468319559
4224,402.0,4.0,835.45,0.6377410468319559
4225,309.0,1.0,496.15,0.47478348547867266
4226,440.0,9.0,1428.25,0.6377410468319559
4227,309.0,1.0,496.15,0.47478348547867266
4228,390.0,3.0,750.0,0.5854084517186121
4229,402.0,4.0,835.45,0.6377410468319559
4230,355.0,0.0,420.5,0.34227299735321126
4231,441.0,10.0,1506.95,0.5997497254181746
4232,355.0,0.0,420.5,0.34227299735321126
4233,394.0,2.0,672.15,0.5720664758097913
4234,402.0,4.0,835.45,0.6377410468319559
4235,402.0,4.0,835.45,0.6377410468319559
4236,441.0,10.0,1506.95,0.6283602513549038
4237,402.0,4.0,835.45,0.6377410468319559
4238,402.0,4.0,835.45,0.6377410468319559
4239,402.0,4.0,835.45,0.6377410468319559
4240,402.0,4.0,835.45,0.6377410468319559
4241,441.0,10.0,1506.95,0.5997497254181746
4242,402.0,4.0,835.45,0.6377410468319559
4243,402.0,4.0,835.45,0.6377410468319559
4244,402.0,4.0,835.45,0.6377410468319559
4245,402.0,4.0,835.45,0.6377410468319559
4246,441.0,10.0,1506.95,0.5997497254181746
4247,402.0,4.0,835.45,0.6377410468319559
4248,402.0,4.0,835.45,0.6377410468319559
4249,402.0,4.0,835.45,0.6377410468319559
4250,402.0,4.0,835.45,0.6377410468319559
4251,441.0,10.0,1506.95,0.5997497254181746
4252,402.0,4.0,835.45,0.6377410468319559
4253,403.0,4.0,839.35,0.6377410468319559
4254,402.0,4.0,835.45,0.6377410468319559
4255,338.0,2.0,671.8,0.5720664758097913
4256,441.0,10.0,1506.95,0.5997497254181746
4257,338.0,2.0,671.8,0.5720664758097913
4258,403.0,4.0,839.35,0.6377410468319559
4259,402.0,4.0,835.45,0.6377410468319559
4260,369.0,1.0,512.4,0.4395559876843299
4261,441.0,10.0,1506.95,0.5997497254181746
4262,369.0,1.0,512.4,0.4395559876843299
4263,434.0,4.0,1009.4,0.6186193485658726
4264,402.0,4.0,835.45,0.6377410468319559
4265,402.0,4.0,835.45,0.6377410468319559
4266,441.0,10.0,1506.95,0.5997497254181746
4267,402.0,4.0,835.45,0.6377410468319559
4268,402.0,4.0,835.45,0.6377410468319559
4269,402.0,4.0,835.45,0.6377410468319559
4270,402.0,4.0,835.45,0.6377410468319559
4271,441.0,10.0,1506.95,0.5997497254181746
4272,402.0,4.0,835.45,0.6377410468319559
4273,402.0,4.0,835.45,0.6377410468319559
4274,402.0,4.0,835.45,0.6377410468319559
4275,402.0,4.0,835.45,0.6377410468319559
4276,441.0,10.0,1506.95,0.5997497254181746
4277,402.0,4.0,835.45,0.6377410468319559
4278,402.0,4.0,835.45,0.6377410468319559
4279,402.0,4.0,835.45,0.6377410468319559
4280,403.0,4.0,839.35,0.6377410468319559
4281,441.0,10.0,1506.95,0.5997497254181746
4282,403.0,4.0,839.35,0.6377410468319559
4283,403.0,4.0,839.35,0.6377410468319559
4284,402.0,4.0,835.45,0.6377410468319559
4285,393.0,4.0,838.15,0.6377410468319559
4286,441.0,10.0,1506.95,0.5997497254181746
4287,393.0,4.0,838.15,0.6377410468319559
4288,403.0,4.0,839.35,0.6377410468319559
4289,402.0,4.0,835.45,0.6377410468319559
4290,402.0,2.0,746.0,0.521336358234754
4291,441.0,10.0,1506.95,0.5997497254181746
4292,402.0,2.0,746.0,0.521336358234754
4293,434.0,4.0,1009.4,0.6186193485658726
4294,402.0,4.0,835.45,0.6377410468319559
4295,188.0,3.0,501.85,0.6186193485658726
4296,394.0,2.0,672.15,0.552278579016547
4297,118.0,4.0,499.05,0.6377410468319559
4298,401.0,3.0,754.15,0.6186193485658726
4299,402.0,4.0,835.45,0.6377410468319559
4300,110.0,2.0,335.75,0.5720664758097913
4301,309.0,1.0,496.15,0.47478348547867266
4302,35.0,3.0,329.5,0.5854084517186121
4303,394.0,2.0,672.15,0.5720664758097913
4304,402.0,4.0,835.45,0.6377410468319559
4305,18.0,1.0,171.5,0.48330002340697525
4306,223.0,1.0,328.3,0.3978285529087668
4307,18.0,1.0,171.5,0.48330002340697525
4308,100.0,1.0,259.75,0.5165109202542357
4309,402.0,4.0,835.45,0.6377410468319559
4310,71.0,0.0,84.1,0.34227299735321126
4311,142.0,0.0,168.2,0.34227299735321126
4312,71.0,0.0,84.1,0.34227299735321126
4313,86.0,0.0,167.85,0.4192279299231171
4314,402.0,4.0,835.45,0.6377410468319559
4315,71.0,0.0,84.1,0.3203064513224941
4316,142.0,0.0,168.2,0.34227299735321126
4317,71.0,0.0,84.1,0.3203064513224941
4318,71.0,0.0,84.1,0.34227299735321126
4319,402.0,4.0,835.45,0.6377410468319559
4320,71.0,0.0,84.1,0.34227299735321126
4321,142.0,0.0,168.2,0.34227299735321126
4322,71.0,0.0,84.1,0.34227299735321126
4323,71.0,0.0,84.1,0.34227299735321126
4324,402.0,4.0,835.45,0.6377410468319559
4325,401.0,3.0,754.15,0.6186193485658726
4326,433.0,4.0,1006.85,0.6377410468319559
4327,402.0,4.0,835.45,0.6377410468319559
4328,401.0,3.0,754.15,0.6186193485658726
4329,402.0,4.0,835.45,0.6377410468319559
4330,323.0,2.0,588.05,0.5720664758097913
4331,394.0,2.0,672.15,0.5720664758097913
4332,118.0,4.0,499.05,0.6377410468319559
4333,394.0,2.0,672.15,0.5720664758097913
4334,402.0,4.0,835.45,0.6377410468319559
4335,242.0,1.0,427.95,0.5165109202542357
4336,242.0,1.0,427.95,0.5165109202542357
4337,110.0,2.0,335.75,0.5720664758097913
4338,384.0,1.0,596.15,0.5165109202542357
4339,402.0,4.0,835.45,0.6377410468319559
4340,157.0,0.0,251.95,0.4192279299231171
4341,172.0,0.0,335.7,0.4192279299231171
4342,156.0,1.0,260.1,0.4395559876843299
4343,228.0,0.0,336.05,0.4192279299231171
4344,402.0,4.0,835.45,0.6377410468319559
4345,157.0,0.0,251.95,0.4192279299231171
4346,213.0,0.0,252.3,0.34227299735321126
4347,142.0,0.0,168.2,0.34227299735321126
4348,228.0,0.0,336.05,0.4192279299231171
4349,402.0,4.0,835.45,0.6377410468319559
4350,157.0,0.0,251.95,0.4192279299231171
4351,213.0,0.0,252.3,0.34227299735321126
4352,142.0,0.0,168.2,0.34227299735321126
4353,228.0,0.0,336.05,0.4192279299231171
4354,402.0,4.0,835.45,0.6377410468319559
4355,401.0,3.0,754.15,0.6186193485658726
4356,401.0,3.0,754.15,0.6186193485658726
4357,402.0,4.0,835.45,0.6377410468319559
4358,401.0,3.0,754.15,0.6186193485658726
4359,402.0,4.0,835.45,0.6377410468319559
4360,394.0,2.0,672.15,0.5720664758097913
4361,394.0,2.0,672.15,0.5720664758097913
4362,402.0,4.0,835.45,0.6377410468319559
4363,394.0,2.0,672.15,0.5720664758097913
4364,402.0,4.0,835.45,0.6377410468319559
4365,384.0,1.0,596.15,0.5165109202542357
4366,384.0,1.0,596.15,0.5165109202542357
4367,118.0,4.0,499.05,0.6377410468319559
4368,384.0,1.0,596.15,0.5165109202542357
4369,402.0,4.0,835.45,0.6377410468319559
4370,370.0,0.0,504.25,0.4192279299231171
4371,385.0,0.0,588.0,0.4192279299231171
4372,170.0,2.0,415.7,0.5388555789625308
4373,370.0,0.0,504.25,0.4145735429157889
4374,402.0,4.0,835.45,0.6377410468319559
4375,370.0,0.0,504.25,0.4192279299231171
4376,385.0,0.0,588.0,0.4192279299231171
4377,223.0,1.0,328.3,0.3978285529087668
4378,370.0,0.0,504.25,0.4192279299231171
4379,402.0,4.0,835.45,0.6377410468319559
4380,370.0,0.0,504.25,0.4192279299231171
4381,385.0,0.0,588.0,0.4192279299231171
4382,213.0,0.0,252.3,0.34227299735321126
4383,370.0,0.0,504.25,0.4192279299231171
4384,402.0,4.0,835.45,0.6377410468319559
4385,401.0,3.0,754.15,0.6186193485658726
4386,401.0,3.0,754.15,0.6186193485658726
4387,402.0,4.0,835.45,0.6377410468319559
4388,401.0,3.0,754.15,0.6186193485658726
4389,402.0,4.0,835.45,0.6377410468319559
4390,394.0,2.0,672.15,0.5720664758097913
4391,385.0,2.0,674.85,0.5720664758097913
4392,402.0,4.0,835.45,0.6377410468319559
4393,394.0,2.0,672.15,0.5720664758097913
4394,402.0,4.0,835.45,0.6377410468319559
4395,384.0,1.0,596.15,0.5165109202542357
4396,424.0,2.0,839.65,0.5720664758097913
4397,402.0,4.0,835.45,0.6377410468319559
4398,384.0,1.0,596.15,0.5165109202542357
4399,402.0,4.0,835.45,0.6377410468319559
4400,370.0,0.0,504.25,0.4145735429157889
4401,431.0,3.0,921.65,0.6186193485658726
4402,188.0,3.0,501.85,0.6186193485658726
4403,370.0,0.0,504.25,0.4145735429157889
4404,402.0,4.0,835.45,0.6377410468319559
4405,370.0,0.0,504.25,0.4192279299231171
4406,431.0,3.0,921.65,0.6186193485658726
4407,242.0,1.0,427.95,0.5165109202542357
4408,370.0,0.0,504.25,0.4192279299231171
4409,402.0,4.0,835.45,0.6377410468319559
4410,370.0,0.0,504.25,0.4192279299231171
4411,431.0,3.0,921.65,0.6186193485658726
4412,284.0,0.0,336.4,0.34227299735321126
4413,370.0,0.0,504.25,0.4192279299231171
4414,402.0,4.0,835.45,0.6377410468319559
4415,401.0,3.0,754.15,0.6186193485658726
4416,434.0,4.0,1009.4,0.6186193485658726
4417,402.0,4.0,835.45,0.6377410468319559
4418,401.0,3.0,754.15,0.6186193485658726
4419,402.0,4.0,835.45,0.6377410468319559
4420,394.0,2.0,672.15,0.5720664758097913
4421,437.0,6.0,1175.9,0.6377410468319559
4422,402.0,4.0,835.45,0.6377410468319559
4423,394.0,2.0,672.15,0.5720664758097913
4424,402.0,4.0,835.45,0.6377410468319559
4425,384.0,1.0,596.15,0.5165109202542357
4426,438.0,7.0,1261.65,0.6377410468319559
4427,402.0,4.0,835.45,0.6377410468319559
4428,384.0,1.0,596.15,0.5165109202542357
4429,402.0,4.0,835.45,0.6377410468319559
4430,370.0,0.0,504.25,0.4145735429157889
4431,440.0,9.0,1428.25,0.6377410468319559
4432,403.0,4.0,839.35,0.6377410468319559
4433,370.0,0.0,504.25,0.4145735429157889
4434,402.0,4.0,835.45,0.6377410468319559
4435,370.0,0.0,504.25,0.4192279299231171
4436,440.0,9.0,1428.25,0.6377410468319559
4437,259.0,3.0,585.95,0.6186193485658726
4438,370.0,0.0,504.25,0.4192279299231171
4439,402.0,4.0,835.45,0.6377410468319559
4440,370.0,0.0,504.25,0.4192279299231171
4441,440.0,9.0,1428.25,0.6377410468319559
4442,309.0,1.0,496.15,0.47478348547867266
4443,370.0,0.0,504.25,0.4192279299231171
4444,402.0,4.0,835.45,0.6377410468319559
4445,401.0,3.0,754.15,0.6186193485658726
4446,441.0,10.0,1506.95,0.5997497254181746
4447,402.0,4.0,835.45,0.6377410468319559
4448,401.0,3.0,754.15,0.6186193485658726
4449,402.0,4.0,835.45,0.6377410468319559
4450,394.0,2.0,672.15,0.5720664758097913
4451,441.0,10.0,1506.95,0.5997497254181746
4452,402.0,4.0,835.45,0.6377410468319559
4453,394.0,2.0,672.15,0.5720664758097913
4454,402.0,4.0,835.45,0.6377410468319559
4455,384.0,1.0,596.15,0.5165109202542357
4456,441.0,10.0,1506.95,0.5997497254181746
4457,402.0,4.0,835.45,0.6377410468319559
4458,384.0,1.0,596.15,0.5165109202542357
4459,402.0,4.0,835.45,0.6377410468319559
4460,370.0,0.0,504.25,0.4145735429157889
4461,441.0,10.0,1506.95,0.5997497254181746
4462,403.0,4.0,839.35,0.6377410468319559
4463,370.0,0.0,504.25,0.4145735429157889
4464,402.0,4.0,835.45,0.6377410468319559
4465,370.0,0.0,504.25,0.4192279299231171
4466,441.0,10.0,1506.95,0.5997497254181746
4467,402.0,4.0,835.45,0.6377410468319559
4468,370.0,0.0,504.25,0.4192279299231171
4469,402.0,4.0,835.45,0.6377410468319559
4470,370.0,0.0,504.25,0.4192279299231171
4471,441.0,10.0,1506.95,0.5997497254181746
4472,338.0,2.0,671.8,0.5720664758097913
4473,370.0,0.0,504.25,0.4192279299231171
4474,402.0,4.0,835.45,0.6377410468319559
4475,118.0,4.0,499.05,0.6377410468319559
4476,394.0,2.0,672.15,0.5720664758097913
4477,118.0,4.0,499.05,0.6377410468319559
4478,402.0,4.0,835.45,0.6377410468319559
4479,402.0,4.0,835.45,0.6377410468319559
4480,35.0,3.0,329.5,0.5854084517186121
4481,309.0,1.0,496.15,0.47478348547867266
4482,35.0,3.0,329.5,0.5854084517186121
4483,259.0,3.0,585.95,0.6186193485658726
4484,402.0,4.0,835.45,0.6377410468319559
4485,18.0,1.0,171.5,0.48330002340697525
4486,223.0,1.0,328.3,0.3978285529087668
4487,18.0,1.0,171.5,0.48330002340697525
4488,100.0,1.0,259.75,0.5165109202542357
4489,402.0,4.0,835.45,0.6377410468319559
4490,71.0,0.0,84.1,0.34227299735321126
4491,142.0,0.0,168.2,0.34227299735321126
4492,71.0,0.0,84.1,0.34227299735321126
4493,81.0,1.0,160.1,0.3978285529087668
4494,402.0,4.0,835.45,0.6377410468319559
4495,71.0,0.0,84.1,0.3203064513224941
4496,142.0,0.0,168.2,0.34227299735321126
4497,71.0,0.0,84.1,0.3203064513224941
4498,71.0,0.0,84.1,0.34227299735321126
4499,402.0,4.0,835.45,0.6377410468319559
4500,71.0,0.0,84.1,0.34227299735321126
4501,142.0,0.0,168.2,0.34227299735321126
4502,71.0,0.0,84.1,0.34227299735321126
4503,71.0,0.0,84.1,0.34227299735321126
4504,402.0,4.0,835.45,0.6377410468319559
4505,402.0,4.0,835.45,0.6377410468319559
4506,437.0,6.0,1173.3,0.6377410468319559
4507,402.0,4.0,835.45,0.6377410468319559
4508,402.0,4.0,835.45,0.6377410468319559
4509,402.0,4.0,835.45,0.6377410468319559
4510,188.0,3.0,501.85,0.6186193485658726
4511,259.0,3.0,585.95,0.6186193485658726
4512,118.0,4.0,499.05,0.6377410468319559
4513,401.0,3.0,754.15,0.6186193485658726
4514,402.0,4.0,835.45,0.6377410468319559
4515,110.0,2.0,335.75,0.5720664758097913
4516,110.0,2.0,335.75,0.5720664758097913
4517,110.0,2.0,335.75,0.5720664758097913
4518,110.0,2.0,335.75,0.5720664758097913
4519,402.0,4.0,835.45,0.6377410468319559
4520,156.0,1.0,260.1,0.4395559876843299
4521,167.0,1.0,327.95,0.47478348547867266
4522,156.0,1.0,260.1,0.4395559876843299
4523,156.0,1.0,260.1,0.4395559876843299
4524,402.0,4.0,835.45,0.6377410468319559
4525,142.0,0.0,168.2,0.34227299735321126
4526,223.0,1.0,328.3,0.3978285529087668
4527,142.0,0.0,168.2,0.34227299735321126
4528,157.0,0.0,251.95,0.4192279299231171
4529,402.0,4.0,835.45,0.6377410468319559
4530,142.0,0.0,168.2,0.34227299735321126
4531,223.0,1.0,328.3,0.3978285529087668
4532,142.0,0.0,168.2,0.34227299735321126
4533,157.0,0.0,251.95,0.4192279299231171
4534,402.0,4.0,835.45,0.6377410468319559
4535,402.0,4.0,835.45,0.6377410468319559
4536,403.0,4.0,839.35,0.6377410468319559
4537,402.0,4.0,835.45,0.6377410468319559
4538,402.0,4.0,835.45,0.6377410468319559
4539,402.0,4.0,835.45,0.6377410468319559
4540,401.0,3.0,754.15,0.6186193485658726
4541,401.0,3.0,754.15,0.6186193485658726
4542,402.0,4.0,835.45,0.6377410468319559
4543,401.0,3.0,754.15,0.6186193485658726
4544,402.0,4.0,835.45,0.6377410468319559
4545,323.0,2.0,588.05,0.5720664758097913
4546,323.0,2.0,588.05,0.5720664758097913
4547,118.0,4.0,499.05,0.6377410468319559
4548,394.0,2.0,672.15,0.5720664758097913
4549,402.0,4.0,835.45,0.6377410468319559
4550,242.0,1.0,427.95,0.5165109202542357
4551,369.0,1.0,512.4,0.4395559876843299
4552,170.0,2.0,415.7,0.5388555789625308
4553,384.0,1.0,596.15,0.5165109202542357
4554,402.0,4.0,835.45,0.6377410468319559
4555,172.0,0.0,335.7,0.4192279299231171
4556,380.0,1.0,580.25,0.47478348547867266
4557,223.0,1.0,328.3,0.3978285529087668
4558,258.0,0.0,503.55,0.4145735429157889
4559,402.0,4.0,835.45,0.6377410468319559
4560,213.0,0.0,252.3,0.34227299735321126
4561,414.0,1.0,763.65,0.5165109202542357
4562,213.0,0.0,252.3,0.34227299735321126
4563,370.0,0.0,504.25,0.4192279299231171
4564,402.0,4.0,835.45,0.6377410468319559
4565,402.0,4.0,835.45,0.6377410468319559
4566,402.0,4.0,835.45,0.6377410468319559
4567,402.0,4.0,835.45,0.6377410468319559
4568,402.0,4.0,835.45,0.6377410468319559
4569,402.0,4.0,835.45,0.6377410468319559
4570,401.0,3.0,754.15,0.6186193485658726
4571,401.0,3.0,754.15,0.6186193485658726
4572,402.0,4.0,835.45,0.6377410468319559
4573,401.0,3.0,754.15,0.6186193485658726
4574,402.0,4.0,835.45,0.6377410468319559
4575,394.0,2.0,672.15,0.5720664758097913
4576,431.0,3.0,921.65,0.6186193485658726
4577,402.0,4.0,835.45,0.6377410468319559
4578,394.0,2.0,672.15,0.5720664758097913
4579,402.0,4.0,835.45,0.6377410468319559
4580,384.0,1.0,596.15,0.5165109202542357
4581,431.0,3.0,921.65,0.6186193485658726
4582,188.0,3.0,501.85,0.6186193485658726
4583,384.0,1.0,596.15,0.5165109202542357
4584,402.0,4.0,835.45,0.6377410468319559
4585,329.0,0.0,587.65,0.4145735429157889
4586,431.0,3.0,921.65,0.6186193485658726
4587,242.0,1.0,427.95,0.5165109202542357
4588,370.0,0.0,504.25,0.4145735429157889
4589,402.0,4.0,835.45,0.6377410468319559
4590,370.0,0.0,504.25,0.4192279299231171
4591,436.0,5.0,1094.6,0.6377410468319559
4592,284.0,0.0,336.4,0.34227299735321126
4593,370.0,0.0,504.25,0.4192279299231171
4594,402.0,4.0,835.45,0.6377410468319559
4595,402.0,4.0,835.45,0.6377410468319559
4596,417.0,4.0,919.2,0.6377410468319559
4597,402.0,4.0,835.45,0.6377410468319559
4598,402.0,4.0,835.45,0.6377410468319559
4599,402.0,4.0,835.45,0.6377410468319559
4600,401.0,3.0,754.15,0.6186193485658726
4601,437.0,6.0,1175.9,0.6377410468319559
4602,402.0,4.0,835.45,0.6377410468319559
4603,401.0,3.0,754.15,0.6186193485658726
4604,402.0,4.0,835.45,0.6377410468319559
4605,394.0,2.0,672.15,0.5720664758097913
4606,439.0,8.0,1333.3,0.6189074344154558
4607,402.0,4.0,835.45,0.6377410468319559
4608,394.0,2.0,672.15,0.5720664758097913
4609,402.0,4.0,835.45,0.6377410468319559
4610,384.0,1.0,596.15,0.5165109202542357
4611,440.0,9.0,1428.25,0.6377410468319559
4612,403.0,4.0,839.35,0.6377410468319559
4613,384.0,1.0,596.15,0.5165109202542357
4614,402.0,4.0,835.45,0.6377410468319559
4615,400.0,0.0,671.75,0.4145735429157889
4616,439.0,8.0,1349.55,0.6377410468319559
4617,259.0,3.0,585.95,0.6186193485658726
4618,400.0,0.0,671.75,0.4145735429157889
4619,402.0,4.0,835.45,0.6377410468319559
4620,370.0,0.0,504.25,0.4192279299231171
4621,441.0,10.0,1506.95,0.5997497254181746
4622,309.0,1.0,496.15,0.47478348547867266
4623,370.0,0.0,504.25,0.4192279299231171
4624,402.0,4.0,835.45,0.6377410468319559
4625,402.0,4.0,835.45,0.6377410468319559
4626,441.0,10.0,1506.95,0.5997497254181746
4627,402.0,4.0,835.45,0.6377410468319559
4628,402.0,4.0,835.45,0.6377410468319559
4629,402.0,4.0,835.45,0.6377410468319559
4630,401.0,3.0,754.15,0.6186193485658726
4631,441.0,10.0,1506.95,0.5997497254181746
4632,402.0,4.0,835.45,0.6377410468319559
4633,401.0,3.0,754.15,0.6186193485658726
4634,402.0,4.0,835.45,0.6377410468319559
4635,394.0,2.0,672.15,0.5720664758097913
4636,441.0,10.0,1506.95,0.5997497254181746
4637,402.0,4.0,835.45,0.6377410468319559
4638,394.0,2.0,672.15,0.5720664758097913
4639,402.0,4.0,835.45,0.6377410468319559
4640,384.0,1.0,596.15,0.5165109202542357
4641,441.0,10.0,1506.95,0.5997497254181746
4642,403.0,4.0,839.35,0.6377410468319559
4643,384.0,1.0,596.15,0.5165109202542357
4644,402.0,4.0,835.45,0.6377410468319559
4645,400.0,0.0,671.75,0.4145735429157889
4646,441.0,10.0,1506.95,0.5997497254181746
4647,402.0,4.0,835.45,0.6377410468319559
4648,400.0,0.0,671.75,0.4145735429157889
4649,402.0,4.0,835.45,0.6377410468319559
4650,370.0,0.0,504.25,0.4192279299231171
4651,441.0,10.0,1506.95,0.5997497254181746
4652,338.0,2.0,671.8,0.5720664758097913
4653,370.0,0.0,504.25,0.4192279299231171
4654,402.0,4.0,835.45,0.6377410468319559
4655,118.0,4.0,499.05,0.6377410468319559
4656,394.0,2.0,672.15,0.5720664758097913
4657,118.0,4.0,499.05,0.6377410468319559
4658,402.0,4.0,835.45,0.6377410468319559
4659,402.0,4.0,835.45,0.6377410468319559
4660,35.0,3.0,329.5,0.5854084517186121
4661,309.0,1.0,496.15,0.47478348547867266
4662,35.0,3.0,329.5,0.5854084517186121
4663,118.0,4.0,499.05,0.6377410468319559
4664,402.0,4.0,835.45,0.6377410468319559
4665,18.0,1.0,171.5,0.48330002340697525
4666,223.0,1.0,328.3,0.3978285529087668
4667,18.0,1.0,171.5,0.48330002340697525
4668,100.0,1.0,259.75,0.5165109202542357
4669,402.0,4.0,835.45,0.6377410468319559
4670,71.0,0.0,84.1,0.34227299735321126
4671,142.0,0.0,168.2,0.34227299735321126
4672,71.0,0.0,84.1,0.34227299735321126
4673,81.0,1.0,160.1,0.3978285529087668
4674,402.0,4.0,835.45,0.6377410468319559
4675,71.0,0.0,84.1,0.3203064513224941
4676,142.0,0.0,168.2,0.34227299735321126
4677,71.0,0.0,84.1,0.3203064513224941
4678,71.0,0.0,84.1,0.34227299735321126
4679,402.0,4.0,835.45,0.6377410468319559
4680,71.0,0.0,84.1,0.34227299735321126
4681,142.0,0.0,168.2,0.34227299735321126
4682,71.0,0.0,84.1,0.34227299735321126
4683,71.0,0.0,84.1,0.34227299735321126
4684,402.0,4.0,835.45,0.6377410468319559
4685,402.0,4.0,835.45,0.6377410468319559
4686,437.0,6.0,1173.3,0.6377410468319559
4687,402.0,4.0,835.45,0.6377410468319559
4688,402.0,4.0,835.45,0.6377410468319559
4689,402.0,4.0,835.45,0.6377410468319559
4690,118.0,4.0,499.05,0.6377410468319559
4691,259.0,3.0,585.95,0.6186193485658726
4692,118.0,4.0,499.05,0.6377410468319559
4693,260.0,4.0,667.25,0.6377410468319559
4694,402.0,4.0,835.45,0.6377410468319559
4695,110.0,2.0,335.75,0.5720664758097913
4696,110.0,2.0,335.75,0.5720664758097913
4697,110.0,2.0,335.75,0.5720664758097913
4698,110.0,2.0,335.75,0.5720664758097913
4699,402.0,4.0,835.45,0.6377410468319559
4700,156.0,1.0,260.1,0.4395559876843299
4701,167.0,1.0,327.95,0.47478348547867266
4702,156.0,1.0,260.1,0.4395559876843299
4703,156.0,1.0,260.1,0.4395559876843299
4704,402.0,4.0,835.45,0.6377410468319559
4705,142.0,0.0,168.2,0.34227299735321126
4706,223.0,1.0,328.3,0.3978285529087668
4707,142.0,0.0,168.2,0.34227299735321126
4708,152.0,1.0,244.2,0.3978285529087668
4709,402.0,4.0,835.45,0.6377410468319559
4710,142.0,0.0,168.2,0.34227299735321126
4711,223.0,1.0,328.3,0.3978285529087668
4712,142.0,0.0,168.2,0.34227299735321126
4713,152.0,1.0,244.2,0.3978285529087668
4714,402.0,4.0,835.45,0.6377410468319559
4715,402.0,4.0,835.45,0.6377410468319559
4716,403.0,4.0,839.35,0.6377410468319559
4717,402.0,4.0,835.45,0.6377410468319559
4718,402.0,4.0,835.45,0.6377410468319559
4719,402.0,4.0,835.45,0.6377410468319559
4720,402.0,4.0,835.45,0.6377410468319559
4721,403.0,4.0,839.35,0.6377410468319559
4722,402.0,4.0,835.45,0.6377410468319559
4723,402.0,4.0,835.45,0.6377410468319559
4724,402.0,4.0,835.45,0.6377410468319559
4725,188.0,3.0,501.85,0.6186193485658726
4726,259.0,3.0,585.95,0.6186193485658726
4727,118.0,4.0,499.05,0.6377410468319559
4728,330.0,3.0,670.05,0.6186193485658726
4729,402.0,4.0,835.45,0.6377410468319559
4730,170.0,2.0,415.7,0.5388555789625308
4731,313.0,1.0,512.05,0.5165109202542357
4732,170.0,2.0,415.7,0.5388555789625308
4733,252.0,2.0,503.95,0.5720664758097913
4734,402.0,4.0,835.45,0.6377410468319559
4735,223.0,1.0,328.3,0.3978285529087668
4736,385.0,0.0,588.0,0.4192279299231171
4737,223.0,1.0,328.3,0.3978285529087668
4738,242.0,1.0,427.95,0.5165109202542357
4739,402.0,4.0,835.45,0.6377410468319559
4740,213.0,0.0,252.3,0.34227299735321126
4741,414.0,1.0,763.65,0.5165109202542357
4742,213.0,0.0,252.3,0.34227299735321126
4743,299.0,0.0,420.15,0.4192279299231171
4744,402.0,4.0,835.45,0.6377410468319559
4745,402.0,4.0,835.45,0.6377410468319559
4746,402.0,4.0,835.45,0.6377410468319559
4747,402.0,4.0,835.45,0.6377410468319559
4748,402.0,4.0,835.45,0.6377410468319559
4749,402.0,4.0,835.45,0.6377410468319559
4750,402.0,4.0,835.45,0.6377410468319559
4751,402.0,4.0,835.45,0.6377410468319559
4752,402.0,4.0,835.45,0.6377410468319559
4753,402.0,4.0,835.45,0.6377410468319559
4754,402.0,4.0,835.45,0.6377410468319559
4755,401.0,3.0,754.15,0.6186193485658726
4756,431.0,3.0,921.65,0.6186193485658726
4757,402.0,4.0,835.45,0.6377410468319559
4758,401.0,3.0,754.15,0.6186193485658726
4759,402.0,4.0,835.45,0.6377410468319559
4760,323.0,2.0,588.05,0.5720664758097913
4761,434.0,4.0,1009.4,0.6186193485658726
4762,188.0,3.0,501.85,0.6186193485658726
4763,394.0,2.0,672.15,0.5720664758097913
4764,402.0,4.0,835.45,0.6377410468319559
4765,242.0,1.0,427.95,0.5165109202542357
4766,438.0,7.0,1261.65,0.6377410468319559
4767,242.0,1.0,427.95,0.5165109202542357
4768,384.0,1.0,596.15,0.5165109202542357
4769,402.0,4.0,835.45,0.6377410468319559
4770,284.0,0.0,336.4,0.34227299735321126
4771,440.0,9.0,1428.25,0.6377410468319559
4772,284.0,0.0,336.4,0.34227299735321126
4773,370.0,0.0,504.25,0.4145735429157889
4774,402.0,4.0,835.45,0.6377410468319559
4775,402.0,4.0,835.45,0.6377410468319559
4776,418.0,4.0,923.1,0.6377410468319559
4777,402.0,4.0,835.45,0.6377410468319559
4778,402.0,4.0,835.45,0.6377410468319559
4779,402.0,4.0,835.45,0.6377410468319559
4780,402.0,4.0,835.45,0.6377410468319559
4781,438.0,7.0,1268.25,0.6377410468319559
4782,402.0,4.0,835.45,0.6377410468319559
4783,402.0,4.0,835.45,0.6377410468319559
4784,402.0,4.0,835.45,0.6377410468319559
4785,401.0,3.0,754.15,0.6186193485658726
4786,439.0,8.0,1346.95,0.6377410468319559
4787,402.0,4.0,835.45,0.6377410468319559
4788,401.0,3.0,754.15,0.6186193485658726
4789,402.0,4.0,835.45,0.6377410468319559
4790,394.0,2.0,672.15,0.5720664758097913
4791,440.0,9.0,1428.25,0.6377410468319559
4792,403.0,4.0,839.35,0.6377410468319559
4793,394.0,2.0,672.15,0.5720664758097913
4794,402.0,4.0,835.45,0.6377410468319559
4795,384.0,1.0,596.15,0.5165109202542357
4796,441.0,10.0,1506.95,0.5997497254181746
4797,259.0,3.0,585.95,0.6186193485658726
4798,384.0,1.0,596.15,0.5165109202542357
4799,402.0,4.0,835.45,0.6377410468319559
4800,370.0,0.0,504.25,0.4145735429157889
4801,441.0,10.0,1506.95,0.5997497254181746
4802,309.0,1.0,496.15,0.47478348547867266
4803,370.0,0.0,504.25,0.4145735429157889
4804,402.0,4.0,835.45,0.6377410468319559
4805,402.0,4.0,835.45,0.6377410468319559
4806,441.0,10.0,1506.95,0.5997497254181746
4807,402.0,4.0,835.45,0.6377410468319559
4808,402.0,4.0,835.45,0.6377410468319559
4809,402.0,4.0,835.45,0.6377410468319559
4810,402.0,4.0,835.45,0.6377410468319559
4811,441.0,10.0,1506.95,0.5997497254181746
4812,402.0,4.0,835.45,0.6377410468319559
4813,402.0,4.0,835.45,0.6377410468319559
4814,402.0,4.0,835.45,0.6377410468319559
4815,401.0,3.0,754.15,0.6186193485658726
4816,441.0,10.0,1506.95,0.5997497254181746
4817,402.0,4.0,835.45,0.6377410468319559
4818,401.0,3.0,754.15,0.6186193485658726
4819,402.0,4.0,835.45,0.6377410468319559
4820,394.0,2.0,672.15,0.5720664758097913
4821,441.0,10.0,1506.95,0.5997497254181746
4822,403.0,4.0,839.35,0.6377410468319559
4823,394.0,2.0,672.15,0.5720664758097913
4824,402.0,4.0,835.45,0.6377410468319559
4825,384.0,1.0,596.15,0.5165109202542357
4826,441.0,10.0,1506.95,0.5997497254181746
4827,402.0,4.0,835.45,0.6377410468319559
4828,384.0,1.0,596.15,0.5165109202542357
4829,402.0,4.0,835.45,0.6377410468319559
4830,370.0,0.0,504.25,0.4145735429157889
4831,441.0,10.0,1506.95,0.5997497254181746
4832,338.0,2.0,671.8,0.5720664758097913
4833,370.0,0.0,504.25,0.4145735429157889
4834,402.0,4.0,835.45,0.6377410468319559
4835,118.0,4.0,499.05,0.6377410468319559
4836,394.0,2.0,672.15,0.5720664758097913
4837,118.0,4.0,499.05,0.6377410468319559
4838,402.0,4.0,835.45,0.6377410468319559
4839,402.0,4.0,835.45,0.6377410468319559
4840,35.0,3.0,329.5,0.5854084517186121
4841,309.0,1.0,496.15,0.47478348547867266
4842,35.0,3.0,329.5,0.5854084517186121
4843,118.0,4.0,499.05,0.6377410468319559
4844,402.0,4.0,835.45,0.6377410468319559
4845,18.0,1.0,171.5,0.48330002340697525
4846,223.0,1.0,328.3,0.3978285529087668
4847,18.0,1.0,171.5,0.48330002340697525
4848,100.0,1.0,259.75,0.5165109202542357
4849,402.0,4.0,835.45,0.6377410468319559
4850,71.0,0.0,84.1,0.34227299735321126
4851,142.0,0.0,168.2,0.34227299735321126
4852,71.0,0.0,84.1,0.34227299735321126
4853,81.0,1.0,160.1,0.3978285529087668
4854,402.0,4.0,835.45,0.6377410468319559
4855,71.0,0.0,84.1,0.3203064513224941
4856,142.0,0.0,168.2,0.34227299735321126
4857,71.0,0.0,84.1,0.3203064513224941
4858,71.0,0.0,84.1,0.34227299735321126
4859,402.0,4.0,835.45,0.6377410468319559
4860,71.0,0.0,84.1,0.34227299735321126
4861,142.0,0.0,168.2,0.34227299735321126
4862,71.0,0.0,84.1,0.34227299735321126
4863,71.0,0.0,84.1,0.34227299735321126
4864,402.0,4.0,835.45,0.6377410468319559
4865,402.0,4.0,835.45,0.6377410468319559
4866,437.0,6.0,1173.3,0.6377410468319559
4867,402.0,4.0,835.45,0.6377410468319559
4868,402.0,4.0,835.45,0.6377410468319559
4869,402.0,4.0,835.45,0.6377410468319559
4870,118.0,4.0,499.05,0.6377410468319559
4871,259.0,3.0,585.95,0.6186193485658726
4872,118.0,4.0,499.05,0.6377410468319559
4873,260.0,4.0,667.25,0.6377410468319559
4874,402.0,4.0,835.45,0.6377410468319559
4875,110.0,2.0,335.75,0.5720664758097913
4876,110.0,2.0,335.75,0.5720664758097913
4877,110.0,2.0,335.75,0.5720664758097913
4878,110.0,2.0,335.75,0.5720664758097913
4879,402.0,4.0,835.45,0.6377410468319559
4880,156.0,1.0,260.1,0.4395559876843299
4881,167.0,1.0,327.95,0.47478348547867266
4882,156.0,1.0,260.1,0.4395559876843299
4883,156.0,1.0,260.1,0.4395559876843299
4884,402.0,4.0,835.45,0.6377410468319559
4885,142.0,0.0,168.2,0.34227299735321126
4886,223.0,1.0,328.3,0.3978285529087668
4887,142.0,0.0,168.2,0.34227299735321126
4888,152.0,1.0,244.2,0.3978285529087668
4889,402.0,4.0,835.45,0.6377410468319559
4890,142.0,0.0,168.2,0.34227299735321126
4891,223.0,1.0,328.3,0.3978285529087668
4892,142.0,0.0,168.2,0.34227299735321126
4893,152.0,1.0,244.2,0.3978285529087668
4894,402.0,4.0,835.45,0.6377410468319559
4895,402.0,4.0,835.45,0.6377410468319559
4896,403.0,4.0,839.35,0.6377410468319559
4897,402.0,4.0,835.45,0.6377410468319559
4898,402.0,4.0,835.45,0.6377410468319559
4899,402.0,4.0,835.45,0.6377410468319559
4900,402.0,4.0,835.45,0.6377410468319559
4901,403.0,4.0,839.35,0.6377410468319559
4902,402.0,4.0,835.45,0.6377410468319559
4903,402.0,4.0,835.45,0.6377410468319559
4904,402.0,4.0,835.45,0.6377410468319559
4905,118.0,4.0,499.05,0.6377410468319559
4906,203.0,3.0,585.6,0.6186193485658726
4907,118.0,4.0,499.05,0.6377410468319559
4908,189.0,4.0,583.15,0.6377410468319559
4909,402.0,4.0,835.45,0.6377410468319559
4910,170.0,2.0,415.7,0.5388555789625308
4911,313.0,1.0,512.05,0.5165109202542357
4912,170.0,2.0,415.7,0.5388555789625308
4913,188.0,3.0,501.85,0.6186193485658726
4914,402.0,4.0,835.45,0.6377410468319559
4915,223.0,1.0,328.3,0.3978285529087668
4916,385.0,0.0,588.0,0.4192279299231171
4917,223.0,1.0,328.3,0.3978285529087668
4918,242.0,1.0,427.95,0.5165109202542357
4919,402.0,4.0,835.45,0.6377410468319559
4920,213.0,0.0,252.3,0.34227299735321126
4921,414.0,1.0,763.65,0.5165109202542357
4922,213.0,0.0,252.3,0.34227299735321126
4923,294.0,1.0,412.4,0.3978285529087668
4924,402.0,4.0,835.45,0.6377410468319559
4925,402.0,4.0,835.45,0.6377410468319559
4926,402.0,4.0,835.45,0.6377410468319559
4927,402.0,4.0,835.45,0.6377410468319559
4928,402.0,4.0,835.45,0.6377410468319559
4929,402.0,4.0,835.45,0.6377410468319559
4930,402.0,4.0,835.45,0.6377410468319559
4931,402.0,4.0,835.45,0.6377410468319559
4932,402.0,4.0,835.45,0.6377410468319559
4933,402.0,4.0,835.45,0.6377410468319559
4934,402.0,4.0,835.45,0.6377410468319559
4935,402.0,4.0,835.45,0.6377410468319559
4936,416.0,3.0,837.9,0.6186193485658726
4937,402.0,4.0,835.45,0.6377410468319559
4938,402.0,4.0,835.45,0.6377410468319559
4939,402.0,4.0,835.45,0.6377410468319559
4940,188.0,3.0,501.85,0.6186193485658726
4941,436.0,5.0,1094.6,0.6377410468319559
4942,188.0,3.0,501.85,0.6186193485658726
4943,401.0,3.0,754.15,0.6186193485658726
4944,402.0,4.0,835.45,0.6377410468319559
4945,242.0,1.0,427.95,0.5165109202542357
4946,439.0,8.0,1342.95,0.6377410468319559
4947,242.0,1.0,427.95,0.5165109202542357
4948,394.0,2.0,672.15,0.5720664758097913
4949,402.0,4.0,835.45,0.6377410468319559
4950,284.0,0.0,336.4,0.34227299735321126
4951,441.0,10.0,1506.95,0.5997497254181746
4952,284.0,0.0,336.4,0.34227299735321126
4953,384.0,1.0,596.15,0.5165109202542357
4954,402.0,4.0,835.45,0.6377410468319559
4955,402.0,4.0,835.45,0.6377410468319559
4956,418.0,4.0,923.1,0.6377410468319559
4957,402.0,4.0,835.45,0.6377410468319559
4958,402.0,4.0,835.45,0.6377410468319559
4959,402.0,4.0,835.45,0.6377410468319559
4960,402.0,4.0,835.45,0.6377410468319559
4961,440.0,9.0,1421.65,0.6377410468319559
4962,402.0,4.0,835.45,0.6377410468319559
4963,402.0,4.0,835.45,0.6377410468319559
4964,402.0,4.0,835.45,0.6377410468319559
4965,402.0,4.0,835.45,0.6377410468319559
4966,440.0,9.0,1421.65,0.6377410468319559
4967,402.0,4.0,835.45,0.6377410468319559
4968,402.0,4.0,835.45,0.6377410468319559
4969,402.0,4.0,835.45,0.6377410468319559
4970,401.0,3.0,754.15,0.6186193485658726
4971,441.0,10.0,1506.95,0.5997497254181746
4972,403.0,4.0,839.35,0.6377410468319559
4973,401.0,3.0,754.15,0.6186193485658726
4974,402.0,4.0,835.45,0.6377410468319559
4975,323.0,2.0,588.05,0.5720664758097913
4976,441.0,10.0,1506.95,0.5997497254181746
4977,259.0,3.0,585.95,0.6186193485658726
4978,394.0,2.0,672.15,0.5720664758097913
4979,402.0,4.0,835.45,0.6377410468319559
4980,309.0,1.0,496.15,0.47478348547867266
4981,441.0,10.0,1506.95,0.5997497254181746
4982,309.0,1.0,496.15,0.47478348547867266
4983,384.0,1.0,596.15,0.5165109202542357
4984,402.0,4.0,835.45,0.6377410468319559
4985,402.0,4.0,835.45,0.6377410468319559
4986,441.0,10.0,1506.95,0.5997497254181746
4987,402.0,4.0,835.45,0.6377410468319559
4988,402.0,4.0,835.45,0.6377410468319559
4989,402.0,4.0,835.45,0.6377410468319559
4990,402.0,4.0,835.45,0.6377410468319559
4991,441.0,10.0,1506.95,0.5997497254181746
4992,402.0,4.0,835.45,0.6377410468319559
4993,402.0,4.0,835.45,0.6377410468319559
4994,402.0,4.0,835.45,0.6377410468319559
4995,402.0,4.0,835.45,0.6377410468319559
4996,441.0,10.0,1506.95,0.5997497254181746
4997,402.0,4.0,835.45,0.6377410468319559
4998,402.0,4.0,835.45,0.6377410468319559
4999,402.0,4.0,835.45,0.6377410468319559
5000,401.0,3.0,754.15,0.6186193485658726
5001,441.0,10.0,1506.95,0.5997497254181746
5002,403.0,4.0,839.35,0.6377410468319559
5003,401.0,3.0,754.15,0.6186193485658726
5004,402.0,4.0,835.45,0.6377410468319559
5005,394.0,2.0,672.15,0.5720664758097913
5006,441.0,10.0,1506.95,0.5997497254181746
5007,402.0,4.0,835.45,0.6377410468319559
5008,394.0,2.0,672.15,0.5720664758097913
5009,402.0,4.0,835.45,0.6377410468319559
5010,384.0,1.0,596.15,0.5165109202542357
5011,441.0,10.0,1506.95,0.5997497254181746
5012,338.0,2.0,671.8,0.5720664758097913
5013,384.0,1.0,596.15,0.5165109202542357
5014,402.0,4.0,835.45,0.6377410468319559
5015,118.0,4.0,499.05,0.6377410468319559
5016,394.0,2.0,672.15,0.5720664758097913
5017,118.0,4.0,499.05,0.6377410468319559
5018,402.0,4.0,835.45,0.6377410468319559
5019,402.0,4.0,835.45,0.6377410468319559
5020,35.0,3.0,329.5,0.5854084517186121
5021,309.0,1.0,496.15,0.47478348547867266
5022,35.0,3.0,329.5,0.5854084517186121
5023,118.0,4.0,499.05,0.6377410468319559
5024,402.0,4.0,835.45,0.6377410468319559
5025,18.0,1.0,171.5,0.48330002340697525
5026,223.0,1.0,328.3,0.3978285529087668
5027,18.0,1.0,171.5,0.48330002340697525
5028,100.0,1.0,259.75,0.5165109202542357
5029,402.0,4.0,835.45,0.6377410468319559
5030,71.0,0.0,84.1,0.34227299735321126
5031,142.0,0.0,168.2,0.34227299735321126
5032,71.0,0.0,84.1,0.34227299735321126
5033,81.0,1.0,160.1,0.3978285529087668
5034,402.0,4.0,835.45,0.6377410468319559
5035,71.0,0.0,84.1,0.3203064513224941
5036,142.0,0.0,168.2,0.34227299735321126
5037,71.0,0.0,84.1,0.3203064513224941
5038,71.0,0.0,84.1,0.34227299735321126
5039,402.0,4.0,835.45,0.6377410468319559
5040,71.0,0.0,84.1,0.34227299735321126
5041,142.0,0.0,168.2,0.34227299735321126
5042,71.0,0.0,84.1,0.34227299735321126
5043,71.0,0.0,84.1,0.34227299735321126
5044,402.0,4.0,835.45,0.6377410468319559
5045,402.0,4.0,835.45,0.6377410468319559
5046,437.0,6.0,1173.3,0.6377410468319559
5047,402.0,4.0,835.45,0.6377410468319559
5048,402.0,4.0,835.45,0.6377410468319559
5049,402.0,4.0,835.45,0.6377410468319559
5050,118.0,4.0,499.05,0.6377410468319559
5051,259.0,3.0,585.95,0.6186193485658726
5052,118.0,4.0,499.05,0.6377410468319559
5053,260.0,4.0,667.25,0.6377410468319559
5054,402.0,4.0,835.45,0.6377410468319559
5055,110.0,2.0,335.75,0.5720664758097913
5056,110.0,2.0,335.75,0.5720664758097913
5057,110.0,2.0,335.75,0.5720664758097913
5058,110.0,2.0,335.75,0.5720664758097913
5059,402.0,4.0,835.45,0.6377410468319559
5060,156.0,1.0,260.1,0.4395559876843299
5061,167.0,1.0,327.95,0.47478348547867266
5062,156.0,1.0,260.1,0.4395559876843299
5063,156.0,1.0,260.1,0.4395559876843299
5064,402.0,4.0,835.45,0.6377410468319559
5065,142.0,0.0,168.2,0.34227299735321126
5066,223.0,1.0,328.3,0.3978285529087668
5067,142.0,0.0,168.2,0.34227299735321126
5068,152.0,1.0,244.2,0.3978285529087668
5069,402.0,4.0,835.45,0.6377410468319559
5070,142.0,0.0,168.2,0.34227299735321126
5071,223.0,1.0,328.3,0.3978285529087668
5072,142.0,0.0,168.2,0.34227299735321126
5073,152.0,1.0,244.2,0.3978285529087668
5074,402.0,4.0,835.45,0.6377410468319559
5075,402.0,4.0,835.45,0.6377410468319559
5076,403.0,4.0,839.35,0.6377410468319559
5077,402.0,4.0,835.45,0.6377410468319559
5078,402.0,4.0,835.45,0.6377410468319559
5079,402.0,4.0,835.45,0.6377410468319559
5080,402.0,4.0,835.45,0.6377410468319559
5081,403.0,4.0,839.35,0.6377410468319559
5082,402.0,4.0,835.45,0.6377410468319559
5083,402.0,4.0,835.45,0.6377410468319559
5084,402.0,4.0,835.45,0.6377410468319559
5085,118.0,4.0,499.05,0.6377410468319559
5086,203.0,3.0,585.6,0.6186193485658726
5087,118.0,4.0,499.05,0.6377410468319559
5088,189.0,4.0,583.15,0.6377410468319559
5089,402.0,4.0,835.45,0.6377410468319559
5090,170.0,2.0,415.7,0.5388555789625308
5091,313.0,1.0,512.05,0.5165109202542357
5092,170.0,2.0,415.7,0.5388555789625308
5093,188.0,3.0,501.85,0.6186193485658726
5094,402.0,4.0,835.45,0.6377410468319559
5095,223.0,1.0,328.3,0.3978285529087668
5096,385.0,0.0,588.0,0.4192279299231171
5097,223.0,1.0,328.3,0.3978285529087668
5098,242.0,1.0,427.95,0.5165109202542357
5099,402.0,4.0,835.45,0.6377410468319559
5100,402.0,4.0,835.45,0.6377410468319559
5101,402.0,4.0,835.45,0.6377410468319559
5102,402.0,4.0,835.45,0.6377410468319559
5103,402.0,4.0,835.45,0.6377410468319559
5104,402.0,4.0,835.45,0.6377410468319559
5105,402.0,4.0,835.45,0.6377410468319559
5106,402.0,4.0,835.45,0.6377410468319559
5107,402.0,4.0,835.45,0.6377410468319559
5108,402.0,4.0,835.45,0.6377410468319559
5109,402.0,4.0,835.45,0.6377410468319559
5110,402.0,4.0,835.45,0.6377410468319559
5111,416.0,3.0,837.9,0.6186193485658726
5112,402.0,4.0,835.45,0.6377410468319559
5113,402.0,4.0,835.45,0.6377410468319559
5114,402.0,4.0,835.45,0.6377410468319559
5115,188.0,3.0,501.85,0.6186193485658726
5116,436.0,5.0,1094.6,0.6377410468319559
5117,188.0,3.0,501.85,0.6186193485658726
5118,403.0,4.0,839.35,0.6377410468319559
5119,402.0,4.0,835.45,0.6377410468319559
5120,242.0,1.0,427.95,0.5165109202542357
5121,439.0,8.0,1342.95,0.6377410468319559
5122,242.0,1.0,427.95,0.5165109202542357
5123,401.0,3.0,754.15,0.6186193485658726
5124,402.0,4.0,835.45,0.6377410468319559
5125,284.0,0.0,336.4,0.34227299735321126
5126,441.0,10.0,1506.95,0.5997497254181746
5127,284.0,0.0,336.4,0.34227299735321126
5128,338.0,2.0,671.8,0.5720664758097913
5129,402.0,4.0,835.45,0.6377410468319559
5130,402.0,4.0,835.45,0.6377410468319559
5131,418.0,4.0,923.1,0.6377410468319559
5132,402.0,4.0,835.45,0.6377410468319559
5133,402.0,4.0,835.45,0.6377410468319559
5134,402.0,4.0,835.45,0.6377410468319559
5135,402.0,4.0,835.45,0.6377410468319559
5136,441.0,10.0,1506.95,0.5997497254181746
5137,402.0,4.0,835.45,0.6377410468319559
5138,402.0,4.0,835.45,0.6377410468319559
5139,402.0,4.0,835.45,0.6377410468319559
5140,402.0,4.0,835.45,0.6377410468319559
5141,441.0,10.0,1506.95,0.5997497254181746
5142,402.0,4.0,835.45,0.6377410468319559
5143,402.0,4.0,835.45,0.6377410468319559
5144,402.0,4.0,835.45,0.6377410468319559
5145,403.0,4.0,839.35,0.6377410468319559
5146,441.0,10.0,1506.95,0.5997497254181746
5147,403.0,4.0,839.35,0.6377410468319559
5148,403.0,4.0,839.35,0.6377410468319559
5149,402.0,4.0,835.45,0.6377410468319559
5150,259.0,3.0,585.95,0.6186193485658726
5151,441.0,10.0,1506.95,0.5997497254181746
5152,259.0,3.0,585.95,0.6186193485658726
5153,401.0,3.0,754.15,0.6186193485658726
5154,402.0,4.0,835.45,0.6377410468319559
5155,309.0,1.0,496.15,0.47478348547867266
5156,441.0,10.0,1506.95,0.5997497254181746
5157,309.0,1.0,496.15,0.47478348547867266
5158,394.0,2.0,672.15,0.5720664758097913
5159,402.0,4.0,835.45,0.6377410468319559
5160,402.0,4.0,835.45,0.6377410468319559
5161,441.0,10.0,1506.95,0.5997497254181746
5162,402.0,4.0,835.45,0.6377410468319559
5163,402.0,4.0,835.45,0.6377410468319559
5164,402.0,4.0,835.45,0.6377410468319559
5165,402.0,4.0,835.45,0.6377410468319559
5166,441.0,10.0,1506.95,0.5997497254181746
5167,402.0,4.0,835.45,0.6377410468319559
5168,402.0,4.0,835.45,0.6377410468319559
5169,402.0,4.0,835.45,0.6377410468319559
5170,402.0,4.0,835.45,0.6377410468319559
5171,441.0,10.0,1506.95,0.5997497254181746
5172,402.0,4.0,835.45,0.6377410468319559
5173,402.0,4.0,835.45,0.6377410468319559
5174,402.0,4.0,835.45,0.6377410468319559
5175,403.0,4.0,839.35,0.6377410468319559
5176,441.0,10.0,1506.95,0.5997497254181746
5177,403.0,4.0,839.35,0.6377410468319559
5178,403.0,4.0,839.35,0.6377410468319559
5179,402.0,4.0,835.45,0.6377410468319559
5180,401.0,3.0,754.15,0.6186193485658726
5181,441.0,10.0,1506.95,0.5997497254181746
5182,402.0,4.0,835.45,0.6377410468319559
5183,401.0,3.0,754.15,0.6186193485658726
5184,402.0,4.0,835.45,0.6377410468319559
5185,338.0,2.0,671.8,0.5720664758097913
5186,441.0,10.0,1506.95,0.5997497254181746
5187,338.0,2.0,671.8,0.5720664758097913
5188,394.0,2.0,672.15,0.5720664758097913
5189,402.0,4.0,835.45,0.6377410468319559
5190,118.0,4.0,499.05,0.6377410468319559
5191,394.0,2.0,672.15,0.5720664758097913
5192,118.0,4.0,499.05,0.6377410468319559
5193,402.0,4.0,835.45,0.6377410468319559
5194,402.0,4.0,835.45,0.6377410468319559
5195,35.0,3.0,329.5,0.5854084517186121
5196,309.0,1.0,496.15,0.47478348547867266
5197,35.0,3.0,329.5,0.5854084517186121
5198,118.0,4.0,499.05,0.6377410468319559
5199,402.0,4.0,835.45,0.6377410468319559
5200,18.0,1.0,171.5,0.48330002340697525
5201,223.0,1.0,328.3,0.3978285529087668
5202,18.0,1.0,171.5,0.48330002340697525
5203,100.0,1.0,259.75,0.5165109202542357
5204,402.0,4.0,835.45,0.6377410468319559
5205,71.0,0.0,84.1,0.34227299735321126
5206,142.0,0.0,168.2,0.34227299735321126
5207,71.0,0.0,84.1,0.34227299735321126
5208,81.0,1.0,160.1,0.3978285529087668
5209,402.0,4.0,835.45,0.6377410468319559
5210,71.0,0.0,84.1,0.3203064513224941
5211,142.0,0.0,168.2,0.34227299735321126
5212,71.0,0.0,84.1,0.3203064513224941
5213,71.0,0.0,84.1,0.34227299735321126
5214,402.0,4.0,835.45,0.6377410468319559
5215,71.0,0.0,84.1,0.34227299735321126
5216,142.0,0.0,168.2,0.34227299735321126
5217,71.0,0.0,84.1,0.34227299735321126
5218,71.0,0.0,84.1,0.34227299735321126
5219,402.0,4.0,835.45,0.6377410468319559
5220,402.0,4.0,835.45,0.6377410468319559
5221,437.0,6.0,1173.3,0.6377410468319559
5222,402.0,4.0,835.45,0.6377410468319559
5223,402.0,4.0,835.45,0.6377410468319559
5224,402.0,4.0,835.45,0.6377410468319559
5225,118.0,4.0,499.05,0.6377410468319559
5226,259.0,3.0,585.95,0.6186193485658726
5227,118.0,4.0,499.05,0.6377410468319559
5228,260.0,4.0,667.25,0.6377410468319559
5229,402.0,4.0,835.45,0.6377410468319559
5230,110.0,2.0,335.75,0.5720664758097913
5231,110.0,2.0,335.75,0.5720664758097913
5232,110.0,2.0,335.75,0.5720664758097913
5233,110.0,2.0,335.75,0.5720664758097913
5234,402.0,4.0,835.45,0.6377410468319559
5235,156.0,1.0,260.1,0.4395559876843299
5236,167.0,1.0,327.95,0.47478348547867266
5237,156.0,1.0,260.1,0.4395559876843299
5238,156.0,1.0,260.1,0.4395559876843299
5239,402.0,4.0,835.45,0.6377410468319559
5240,142.0,0.0,168.2,0.34227299735321126
5241,223.0,1.0,328.3,0.3978285529087668
5242,142.0,0.0,168.2,0.34227299735321126
5243,152.0,1.0,244.2,0.3978285529087668
5244,402.0,4.0,835.45,0.6377410468319559
5245,402.0,4.0,835.45,0.6377410468319559
5246,403.0,4.0,839.35,0.6377410468319559
5247,402.0,4.0,835.45,0.6377410468319559
5248,402.0,4.0,835.45,0.6377410468319559
5249,402.0,4.0,835.45,0.6377410468319559
5250,402.0,4.0,835.45,0.6377410468319559
5251,403.0,4.0,839.35,0.6377410468319559
5252,402.0,4.0,835.45,0.6377410468319559
5253,402.0,4.0,835.45,0.6377410468319559
5254,402.0,4.0,835.45,0.6377410468319559
5255,118.0,4.0,499.05,0.6377410468319559
5256,203.0,3.0,585.6,0.6186193485658726
5257,118.0,4.0,499.05,0.6377410468319559
5258,189.0,4.0,583.15,0.6377410468319559
5259,402.0,4.0,835.45,0.6377410468319559
5260,170.0,2.0,415.7,0.5388555789625308
5261,313.0,1.0,512.05,0.5165109202542357
5262,170.0,2.0,415.7,0.5388555789625308
5263,188.0,3.0,501.85,0.6186193485658726
5264,402.0,4.0,835.45,0.6377410468319559
5265,223.0,1.0,328.3,0.3978285529087668
5266,385.0,0.0,588.0,0.4192279299231171
5267,223.0,1.0,328.3,0.3978285529087668
5268,242.0,1.0,427.95,0.5165109202542357
5269,402.0,4.0,835.45,0.6377410468319559
5270,213.0,0.0,252.3,0.34227299735321126
5271,414.0,1.0,763.65,0.5165109202542357
5272,213.0,0.0,252.3,0.34227299735321126
5273,294.0,1.0,412.4,0.3978285529087668
5274,402.0,4.0,835.45,0.6377410468319559
5275,402.0,4.0,835.45,0.6377410468319559
5276,402.0,4.0,835.45,0.6377410468319559
5277,402.0,4.0,835.45,0.6377410468319559
5278,402.0,4.0,835.45,0.6377410468319559
5279,402.0,4.0,835.45,0.6377410468319559
5280,402.0,4.0,835.45,0.6377410468319559
5281,402.0,4.0,835.45,0.6377410468319559
5282,402.0,4.0,835.45,0.6377410468319559
5283,402.0,4.0,835.45,0.6377410468319559
5284,402.0,4.0,835.45,0.6377410468319559
5285,402.0,4.0,835.45,0.6377410468319559
5286,416.0,3.0,837.9,0.6186193485658726
5287,402.0,4.0,835.45,0.6377410468319559
5288,402.0,4.0,835.45,0.6377410468319559
5289,402.0,4.0,835.45,0.6377410468319559
5290,188.0,3.0,501.85,0.6186193485658726
5291,436.0,5.0,1094.6,0.6377410468319559
5292,188.0,3.0,501.85,0.6186193485658726
5293,403.0,4.0,839.35,0.6377410468319559
5294,402.0,4.0,835.45,0.6377410468319559
5295,242.0,1.0,427.95,0.5165109202542357
5296,439.0,8.0,1342.95,0.6377410468319559
5297,242.0,1.0,427.95,0.5165109202542357
5298,331.0,4.0,751.35,0.6377410468319559
5299,402.0,4.0,835.45,0.6377410468319559
5300,284.0,0.0,336.4,0.34227299735321126
5301,441.0,10.0,1506.95,0.5997497254181746
5302,284.0,0.0,336.4,0.34227299735321126
5303,338.0,2.0,671.8,0.5720664758097913
5304,402.0,4.0,835.45,0.6377410468319559
5305,402.0,4.0,835.45,0.6377410468319559
5306,418.0,4.0,923.1,0.6377410468319559
5307,402.0,4.0,835.45,0.6377410468319559
5308,402.0,4.0,835.45,0.6377410468319559
5309,402.0,4.0,835.45,0.6377410468319559
5310,402.0,4.0,835.45,0.6377410468319559
5311,441.0,10.0,1506.95,0.5997497254181746
5312,402.0,4.0,835.45,0.6377410468319559
5313,402.0,4.0,835.45,0.6377410468319559
5314,402.0,4.0,835.45,0.6377410468319559
5315,402.0,4.0,835.45,0.6377410468319559
5316,441.0,10.0,1506.95,0.5997497254181746
5317,402.0,4.0,835.45,0.6377410468319559
5318,402.0,4.0,835.45,0.6377410468319559
5319,402.0,4.0,835.45,0.6377410468319559
5320,403.0,4.0,839.35,0.6377410468319559
5321,441.0,10.0,1506.95,0.5997497254181746
5322,403.0,4.0,839.35,0.6377410468319559
5323,403.0,4.0,839.35,0.6377410468319559
5324,402.0,4.0,835.45,0.6377410468319559
5325,259.0,3.0,585.95,0.6186193485658726
5326,441.0,10.0,1506.95,0.5997497254181746
5327,259.0,3.0,585.95,0.6186193485658726
5328,432.0,4.0,1002.95,0.6377410468319559
5329,402.0,4.0,835.45,0.6377410468319559
5330,309.0,1.0,496.15,0.47478348547867266
5331,441.0,10.0,1506.95,0.5997497254181746
5332,309.0,1.0,496.15,0.47478348547867266
5333,401.0,3.0,754.15,0.6186193485658726
5334,402.0,4.0,835.45,0.6377410468319559
5335,402.0,4.0,835.45,0.6377410468319559
5336,441.0,10.0,1506.95,0.5997497254181746
5337,402.0,4.0,835.45,0.6377410468319559
5338,402.0,4.0,835.45,0.6377410468319559
5339,402.0,4.0,835.45,0.6377410468319559
5340,402.0,4.0,835.45,0.6377410468319559
5341,441.0,10.0,1506.95,0.5997497254181746
5342,402.0,4.0,835.45,0.6377410468319559
5343,402.0,4.0,835.45,0.6377410468319559
5344,402.0,4.0,835.45,0.6377410468319559
5345,402.0,4.0,835.45,0.6377410468319559
5346,441.0,10.0,1506.95,0.5997497254181746
5347,402.0,4.0,835.45,0.6377410468319559
5348,402.0,4.0,835.45,0.6377410468319559
5349,402.0,4.0,835.45,0.6377410468319559
5350,403.0,4.0,839.35,0.6377410468319559
5351,441.0,10.0,1506.95,0.5997497254181746
5352,403.0,4.0,839.35,0.6377410468319559
5353,403.0,4.0,839.35,0.6377410468319559
5354,402.0,4.0,835.45,0.6377410468319559
5355,402.0,4.0,835.45,0.6377410468319559
5356,441.0,10.0,1506.95,0.5997497254181746
5357,402.0,4.0,835.45,0.6377410468319559
5358,403.0,4.0,839.35,0.6377410468319559
5359,402.0,4.0,835.45,0.6377410468319559
5360,338.0,2.0,671.8,0.5720664758097913
5361,441.0,10.0,1506.95,0.5997497254181746
5362,338.0,2.0,671.8,0.5720664758097913
5363,401.0,3.0,754.15,0.6186193485658726
5364,402.0,4.0,835.45,0.6377410468319559
5365,188.0,3.0,501.85,0.6186193485658726
5366,394.0,2.0,672.15,0.5720664758097913
5367,118.0,4.0,499.05,0.6377410468319559
5368,401.0,3.0,754.15,0.6186193485658726
5369,402.0,4.0,835.45,0.6377410468319559
5370,110.0,2.0,335.75,0.5720664758097913
5371,242.0,1.0,427.95,0.5165109202542357
5372,35.0,3.0,329.5,0.5854084517186121
5373,394.0,2.0,672.15,0.5720664758097913
5374,402.0,4.0,835.45,0.6377410468319559
5375,18.0,1.0,171.5,0.48330002340697525
5376,100.0,1.0,259.75,0.5165109202542357
5377,18.0,1.0,171.5,0.48330002340697525
5378,100.0,1.0,259.75,0.5165109202542357
5379,402.0,4.0,835.45,0.6377410468319559
5380,71.0,0.0,84.1,0.34227299735321126
5381,71.0,0.0,84.1,0.34227299735321126
5382,1.0,1.0,85.3,0.35311222744377824
5383,86.0,0.0,167.85,0.41381731756063306
5384,402.0,4.0,835.45,0.6377410468319559
5385,71.0,0.0,84.1,0.34227299735321126
5386,71.0,0.0,84.1,0.34227299735321126
5387,71.0,0.0,84.1,0.34227299735321126
5388,71.0,0.0,84.1,0.34227299735321126
5389,402.0,4.0,835.45,0.6377410468319559
5390,0.0,0.0,0.0,0.0
5391,0.0,0.0,0.0,0.0
5392,0.0,0.0,0.0,0.0
5393,0.0,0.0,0.0,0.0
5394,0.0,0.0,0.0,0.0
5395,401.0,3.0,754.15,0.6186193485658726
5396,425.0,3.0,920.95,0.5911881740758747
5397,402.0,4.0,835.45,0.6377410468319559
5398,401.0,3.0,754.15,0.6186193485658726
5399,402.0,4.0,835.45,0.6377410468319559
5400,323.0,2.0,588.05,0.5720664758097913
5401,338.0,2.0,671.8,0.5720664758097913
5402,118.0,4.0,499.05,0.6377410468319559
5403,394.0,2.0,672.15,0.5720664758097913
5404,402.0,4.0,835.45,0.6377410468319559
5405,242.0,1.0,427.95,0.5165109202542357
5406,242.0,1.0,427.95,0.5165109202542357
5407,35.0,3.0,329.5,0.5854084517186121
5408,384.0,1.0,596.15,0.5165109202542357
5409,402.0,4.0,835.45,0.6377410468319559
5410,86.0,0.0,167.85,0.4091629305533049
5411,157.0,0.0,251.95,0.4192279299231171
5412,18.0,1.0,171.5,0.48330002340697525
5413,86.0,0.0,167.85,0.4091629305533049
5414,402.0,4.0,835.45,0.6377410468319559
5415,86.0,0.0,167.85,0.4091629305533049
5416,213.0,0.0,252.3,0.34227299735321126
5417,71.0,0.0,84.1,0.34227299735321126
5418,86.0,0.0,167.85,0.4091629305533049
5419,402.0,4.0,835.45,0.6377410468319559
5420,86.0,0.0,167.85,0.4091629305533049
5421,213.0,0.0,252.3,0.34227299735321126
5422,71.0,0.0,84.1,0.3203064513224941
5423,86.0,0.0,167.85,0.4091629305533049
5424,402.0,4.0,835.45,0.6377410468319559
5425,401.0,3.0,754.15,0.6186193485658726
5426,401.0,3.0,754.15,0.6186193485658726
5427,402.0,4.0,835.45,0.6377410468319559
5428,401.0,3.0,754.15,0.6186193485658726
5429,402.0,4.0,835.45,0.6377410468319559
5430,394.0,2.0,672.15,0.5720664758097913
5431,394.0,2.0,672.15,0.5720664758097913
5432,402.0,4.0,835.45,0.6377410468319559
5433,394.0,2.0,672.15,0.5720664758097913
5434,402.0,4.0,835.45,0.6377410468319559
5435,384.0,1.0,596.15,0.5165109202542357
5436,384.0,1.0,596.15,0.5165109202542357
5437,118.0,4.0,499.05,0.6377410468319559
5438,384.0,1.0,596.15,0.5165109202542357
5439,402.0,4.0,835.45,0.6377410468319559
5440,370.0,0.0,504.25,0.4145735429157889
5441,385.0,0.0,588.0,0.4192279299231171
5442,110.0,2.0,335.75,0.5720664758097913
5443,370.0,0.0,504.25,0.4192279299231171
5444,402.0,4.0,835.45,0.6377410468319559
5445,86.0,0.0,167.85,0.4091629305533049
5446,400.0,0.0,671.75,0.4192279299231171
5447,156.0,1.0,260.1,0.4395559876843299
5448,86.0,0.0,167.85,0.4091629305533049
5449,402.0,4.0,835.45,0.6377410468319559
5450,86.0,0.0,167.85,0.4091629305533049
5451,400.0,0.0,671.75,0.4192279299231171
5452,142.0,0.0,168.2,0.34227299735321126
5453,86.0,0.0,167.85,0.4091629305533049
5454,402.0,4.0,835.45,0.6377410468319559
5455,401.0,3.0,754.15,0.6186193485658726
5456,401.0,3.0,754.15,0.6186193485658726
5457,402.0,4.0,835.45,0.6377410468319559
5458,401.0,3.0,754.15,0.6186193485658726
5459,402.0,4.0,835.45,0.6377410468319559
5460,394.0,2.0,672.15,0.5720664758097913
5461,394.0,2.0,672.15,0.5720664758097913
5462,402.0,4.0,835.45,0.6377410468319559
5463,394.0,2.0,672.15,0.5720664758097913
5464,402.0,4.0,835.45,0.6377410468319559
5465,384.0,1.0,596.15,0.5165109202542357
5466,414.0,1.0,763.65,0.5165109202542357
5467,402.0,4.0,835.45,0.6377410468319559
5468,384.0,1.0,596.15,0.5165109202542357
5469,402.0,4.0,835.45,0.6377410468319559
5470,370.0,0.0,504.25,0.4192279299231171
5471,424.0,2.0,839.65,0.5720664758097913
5472,118.0,4.0,499.05,0.6377410468319559
5473,370.0,0.0,504.25,0.4192279299231171
5474,402.0,4.0,835.45,0.6377410468319559
5475,86.0,0.0,167.85,0.4091629305533049
5476,437.0,6.0,1175.9,0.6377410468319559
5477,170.0,2.0,415.7,0.5388555789625308
5478,355.0,0.0,420.5,0.3376186103458831
5479,402.0,4.0,835.45,0.6377410468319559
5480,86.0,0.0,167.85,0.4091629305533049
5481,437.0,6.0,1175.9,0.6377410468319559
5482,223.0,1.0,328.3,0.3978285529087668
5483,71.0,0.0,84.1,0.3376186103458831
5484,402.0,4.0,835.45,0.6377410468319559
5485,401.0,3.0,754.15,0.6186193485658726
5486,431.0,3.0,921.65,0.6186193485658726
5487,402.0,4.0,835.45,0.6377410468319559
5488,401.0,3.0,754.15,0.6186193485658726
5489,402.0,4.0,835.45,0.6377410468319559
5490,394.0,2.0,672.15,0.5720664758097913
5491,436.0,5.0,1094.6,0.6377410468319559
5492,402.0,4.0,835.45,0.6377410468319559
5493,394.0,2.0,672.15,0.5720664758097913
5494,402.0,4.0,835.45,0.6377410468319559
5495,384.0,1.0,596.15,0.5165109202542357
5496,437.0,6.0,1175.9,0.6377410468319559
5497,402.0,4.0,835.45,0.6377410468319559
5498,384.0,1.0,596.15,0.5165109202542357
5499,402.0,4.0,835.45,0.6377410468319559
5500,370.0,0.0,504.25,0.4192279299231171
5501,439.0,8.0,1333.3,0.6377410468319559
5502,326.0,5.0,845.7,0.6377410468319559
5503,370.0,0.0,504.25,0.4192279299231171
5504,402.0,4.0,835.45,0.6377410468319559
5505,355.0,0.0,420.5,0.3376186103458831
5506,440.0,9.0,1428.25,0.6377410468319559
5507,188.0,3.0,501.85,0.6186193485658726
5508,355.0,0.0,420.5,0.3376186103458831
5509,402.0,4.0,835.45,0.6377410468319559
5510,86.0,0.0,167.85,0.4091629305533049
5511,441.0,10.0,1506.95,0.5997497254181746
5512,242.0,1.0,427.95,0.5165109202542357
5513,71.0,0.0,84.1,0.3376186103458831
5514,402.0,4.0,835.45,0.6377410468319559
5515,401.0,3.0,754.15,0.6186193485658726
5516,440.0,9.0,1428.25,0.6377410468319559
5517,402.0,4.0,835.45,0.6377410468319559
5518,401.0,3.0,754.15,0.6186193485658726
5519,402.0,4.0,835.45,0.6377410468319559
5520,394.0,2.0,672.15,0.5720664758097913
5521,441.0,10.0,1506.95,0.5997497254181746
5522,402.0,4.0,835.45,0.6377410468319559
5523,394.0,2.0,672.15,0.5720664758097913
5524,402.0,4.0,835.45,0.6377410468319559
5525,384.0,1.0,596.15,0.5165109202542357
5526,441.0,10.0,1506.95,0.5997497254181746
5527,402.0,4.0,835.45,0.6377410468319559
5528,384.0,1.0,596.15,0.5165109202542357
5529,402.0,4.0,835.45,0.6377410468319559
5530,370.0,0.0,504.25,0.4192279299231171
5531,441.0,10.0,1506.95,0.5997497254181746
5532,403.0,4.0,839.35,0.6377410468319559
5533,370.0,0.0,504.25,0.4192279299231171
5534,402.0,4.0,835.45,0.6377410468319559
5535,355.0,0.0,420.5,0.3376186103458831
5536,441.0,10.0,1506.95,0.5997497254181746
5537,403.0,4.0,839.35,0.6377410468319559
5538,355.0,0.0,420.5,0.3376186103458831
5539,402.0,4.0,835.45,0.6377410468319559
5540,71.0,0.0,84.1,0.3376186103458831
5541,441.0,10.0,1506.95,0.5997497254181746
5542,259.0,3.0,585.95,0.6186193485658726
5543,71.0,0.0,84.1,0.3376186103458831
5544,402.0,4.0,835.45,0.6377410468319559
5545,118.0,4.0,499.05,0.6377410468319559
5546,323.0,2.0,588.05,0.5720664758097913
5547,118.0,4.0,499.05,0.6377410468319559
5548,402.0,4.0,835.45,0.6377410468319559
5549,402.0,4.0,835.45,0.6377410468319559
5550,35.0,3.0,329.5,0.5854084517186121
5551,242.0,1.0,427.95,0.5165109202542357
5552,35.0,3.0,329.5,0.5854084517186121
5553,259.0,3.0,585.95,0.6186193485658726
5554,402.0,4.0,835.45,0.6377410468319559
5555,18.0,1.0,171.5,0.48330002340697525
5556,100.0,1.0,259.75,0.5165109202542357
5557,18.0,1.0,171.5,0.48330002340697525
5558,28.0,2.0,247.5,0.5388555789625308
5559,402.0,4.0,835.45,0.6377410468319559
5560,1.0,1.0,85.3,0.35311222744377824
5561,71.0,0.0,84.1,0.34227299735321126
5562,1.0,1.0,85.3,0.35311222744377824
5563,3.0,1.0,87.75,0.40634509083706943
5564,402.0,4.0,835.45,0.6377410468319559
5565,71.0,0.0,84.1,0.34227299735321126
5566,71.0,0.0,84.1,0.34227299735321126
5567,71.0,0.0,84.1,0.34227299735321126
5568,71.0,0.0,84.1,0.34227299735321126
5569,402.0,4.0,835.45,0.6377410468319559
5570,0.0,0.0,0.0,0.0
5571,0.0,0.0,0.0,0.0
5572,0.0,0.0,0.0,0.0
5573,0.0,0.0,0.0,0.0
5574,402.0,4.0,835.45,0.6377410468319559
5575,402.0,4.0,835.45,0.6377410468319559
5576,436.0,5.0,1094.6,0.6377410468319559
5577,402.0,4.0,835.45,0.6377410468319559
5578,402.0,4.0,835.45,0.6377410468319559
5579,402.0,4.0,835.45,0.6377410468319559
5580,188.0,3.0,501.85,0.6186193485658726
5581,203.0,3.0,585.6,0.6186193485658726
5582,118.0,4.0,499.05,0.6377410468319559
5583,401.0,3.0,754.15,0.6186193485658726
5584,402.0,4.0,835.45,0.6377410468319559
5585,110.0,2.0,335.75,0.5720664758097913
5586,110.0,2.0,335.75,0.5720664758097913
5587,35.0,3.0,329.5,0.5854084517186121
5588,181.0,2.0,419.85,0.5720664758097913
5589,402.0,4.0,835.45,0.6377410468319559
5590,18.0,1.0,171.5,0.48330002340697525
5591,156.0,1.0,260.1,0.4395559876843299
5592,18.0,1.0,171.5,0.48330002340697525
5593,100.0,1.0,259.75,0.5165109202542357
5594,402.0,4.0,835.45,0.6377410468319559
5595,71.0,0.0,84.1,0.34227299735321126
5596,223.0,1.0,328.3,0.3978285529087668
5597,71.0,0.0,84.1,0.34227299735321126
5598,86.0,0.0,167.85,0.4192279299231171
5599,402.0,4.0,835.45,0.6377410468319559
5600,71.0,0.0,84.1,0.3203064513224941
5601,223.0,1.0,328.3,0.3978285529087668
5602,71.0,0.0,84.1,0.3203064513224941
5603,142.0,0.0,168.2,0.34227299735321126
5604,402.0,4.0,835.45,0.6377410468319559
5605,402.0,4.0,835.45,0.6377410468319559
5606,402.0,4.0,835.45,0.6377410468319559
5607,402.0,4.0,835.45,0.6377410468319559
5608,402.0,4.0,835.45,0.6377410468319559
5609,402.0,4.0,835.45,0.6377410468319559
5610,401.0,3.0,754.15,0.6186193485658726
5611,401.0,3.0,754.15,0.6186193485658726
5612,402.0,4.0,835.45,0.6377410468319559
5613,401.0,3.0,754.15,0.6186193485658726
5614,402.0,4.0,835.45,0.6377410468319559
5615,323.0,2.0,588.05,0.5720664758097913
5616,323.0,2.0,588.05,0.5720664758097913
5617,118.0,4.0,499.05,0.6377410468319559
5618,394.0,2.0,672.15,0.5720664758097913
5619,402.0,4.0,835.45,0.6377410468319559
5620,242.0,1.0,427.95,0.5165109202542357
5621,369.0,1.0,512.4,0.4395559876843299
5622,110.0,2.0,335.75,0.5720664758097913
5623,384.0,1.0,596.15,0.5165109202542357
5624,402.0,4.0,835.45,0.6377410468319559
5625,157.0,0.0,251.95,0.4192279299231171
5626,385.0,0.0,588.0,0.4192279299231171
5627,156.0,1.0,260.1,0.4395559876843299
5628,370.0,0.0,504.25,0.4192279299231171
5629,402.0,4.0,835.45,0.6377410468319559
5630,157.0,0.0,251.95,0.4192279299231171
5631,385.0,0.0,588.0,0.4192279299231171
5632,142.0,0.0,168.2,0.34227299735321126
5633,370.0,0.0,504.25,0.4192279299231171
5634,402.0,4.0,835.45,0.6377410468319559
5635,402.0,4.0,835.45,0.6377410468319559
5636,402.0,4.0,835.45,0.6377410468319559
5637,402.0,4.0,835.45,0.6377410468319559
5638,402.0,4.0,835.45,0.6377410468319559
5639,402.0,4.0,835.45,0.6377410468319559
5640,401.0,3.0,754.15,0.6186193485658726
5641,401.0,3.0,754.15,0.6186193485658726
5642,402.0,4.0,835.45,0.6377410468319559
5643,401.0,3.0,754.15,0.6186193485658726
5644,402.0,4.0,835.45,0.6377410468319559
5645,394.0,2.0,672.15,0.5720664758097913
5646,424.0,2.0,839.65,0.5720664758097913
5647,402.0,4.0,835.45,0.6377410468319559
5648,394.0,2.0,672.15,0.5720664758097913
5649,402.0,4.0,835.45,0.6377410468319559
5650,384.0,1.0,596.15,0.5165109202542357
5651,431.0,3.0,921.65,0.6186193485658726
5652,118.0,4.0,499.05,0.6377410468319559
5653,384.0,1.0,596.15,0.5165109202542357
5654,402.0,4.0,835.45,0.6377410468319559
5655,370.0,0.0,504.25,0.4192279299231171
5656,434.0,4.0,1009.4,0.6186193485658726
5657,170.0,2.0,415.7,0.5388555789625308
5658,370.0,0.0,504.25,0.4192279299231171
5659,402.0,4.0,835.45,0.6377410468319559
5660,370.0,0.0,504.25,0.4192279299231171
5661,434.0,4.0,1009.4,0.6186193485658726
5662,223.0,1.0,328.3,0.3978285529087668
5663,370.0,0.0,504.25,0.4192279299231171
5664,402.0,4.0,835.45,0.6377410468319559
5665,402.0,4.0,835.45,0.6377410468319559
5666,403.0,4.0,839.35,0.6377410468319559
5667,402.0,4.0,835.45,0.6377410468319559
5668,402.0,4.0,835.45,0.6377410468319559
5669,402.0,4.0,835.45,0.6377410468319559
5670,401.0,3.0,754.15,0.6186193485658726
5671,436.0,5.0,1094.6,0.6377410468319559
5672,402.0,4.0,835.45,0.6377410468319559
5673,401.0,3.0,754.15,0.6186193485658726
5674,402.0,4.0,835.45,0.6377410468319559
5675,394.0,2.0,672.15,0.5720664758097913
5676,438.0,7.0,1268.25,0.6377410468319559
5677,402.0,4.0,835.45,0.6377410468319559
5678,394.0,2.0,672.15,0.5720664758097913
5679,402.0,4.0,835.45,0.6377410468319559
5680,384.0,1.0,596.15,0.5165109202542357
5681,439.0,8.0,1346.95,0.6377410468319559
5682,326.0,5.0,845.7,0.6377410468319559
5683,384.0,1.0,596.15,0.5165109202542357
5684,402.0,4.0,835.45,0.6377410468319559
5685,370.0,0.0,504.25,0.4145735429157889
5686,441.0,10.0,1506.95,0.6243180467779398
5687,188.0,3.0,501.85,0.6186193485658726
5688,370.0,0.0,504.25,0.4145735429157889
5689,402.0,4.0,835.45,0.6377410468319559
5690,370.0,0.0,504.25,0.4192279299231171
5691,441.0,10.0,1506.95,0.6243180467779398
5692,242.0,1.0,427.95,0.5165109202542357
5693,370.0,0.0,504.25,0.4192279299231171
5694,402.0,4.0,835.45,0.6377410468319559
5695,402.0,4.0,835.45,0.6377410468319559
5696,440.0,9.0,1428.25,0.6377410468319559
5697,402.0,4.0,835.45,0.6377410468319559
5698,402.0,4.0,835.45,0.6377410468319559
5699,402.0,4.0,835.45,0.6377410468319559
5700,401.0,3.0,754.15,0.6186193485658726
5701,441.0,10.0,1506.95,0.5997497254181746
5702,402.0,4.0,835.45,0.6377410468319559
5703,401.0,3.0,754.15,0.6186193485658726
5704,402.0,4.0,835.45,0.6377410468319559
5705,394.0,2.0,672.15,0.5720664758097913
5706,441.0,10.0,1506.95,0.5997497254181746
5707,402.0,4.0,835.45,0.6377410468319559
5708,394.0,2.0,672.15,0.5720664758097913
5709,402.0,4.0,835.45,0.6377410468319559
5710,384.0,1.0,596.15,0.5165109202542357
5711,441.0,10.0,1506.95,0.5997497254181746
5712,403.0,4.0,839.35,0.6377410468319559
5713,384.0,1.0,596.15,0.5165109202542357
5714,402.0,4.0,835.45,0.6377410468319559
5715,370.0,0.0,504.25,0.4145735429157889
5716,441.0,10.0,1506.95,0.5997497254181746
5717,403.0,4.0,839.35,0.6377410468319559
5718,370.0,0.0,504.25,0.4145735429157889
5719,402.0,4.0,835.45,0.6377410468319559
5720,370.0,0.0,504.25,0.4192279299231171
5721,441.0,10.0,1506.95,0.5997497254181746
5722,259.0,3.0,585.95,0.6186193485658726
5723,370.0,0.0,504.25,0.4192279299231171
5724,402.0,4.0,835.45,0.6377410468319559
5725,118.0,4.0,499.05,0.6377410468319559
5726,323.0,2.0,588.05,0.5720664758097913
5727,118.0,4.0,499.05,0.6377410468319559
5728,402.0,4.0,835.45,0.6377410468319559
5729,402.0,4.0,835.45,0.6377410468319559
5730,35.0,3.0,329.5,0.5854084517186121
5731,242.0,1.0,427.95,0.5165109202542357
5732,35.0,3.0,329.5,0.5854084517186121
5733,118.0,4.0,499.05,0.6377410468319559
5734,402.0,4.0,835.45,0.6377410468319559
5735,18.0,1.0,171.5,0.48330002340697525
5736,100.0,1.0,259.75,0.5165109202542357
5737,18.0,1.0,171.5,0.48330002340697525
5738,28.0,2.0,247.5,0.5388555789625308
5739,402.0,4.0,835.45,0.6377410468319559
5740,1.0,1.0,85.3,0.35311222744377824
5741,71.0,0.0,84.1,0.34227299735321126
5742,1.0,1.0,85.3,0.35311222744377824
5743,3.0,1.0,87.75,0.40634509083706943
5744,402.0,4.0,835.45,0.6377410468319559
5745,71.0,0.0,84.1,0.34227299735321126
5746,71.0,0.0,84.1,0.34227299735321126
5747,71.0,0.0,84.1,0.34227299735321126
5748,71.0,0.0,84.1,0.34227299735321126
5749,402.0,4.0,835.45,0.6377410468319559
5750,0.0,0.0,0.0,0.0
5751,0.0,0.0,0.0,0.0
5752,0.0,0.0,0.0,0.0
5753,0.0,0.0,0.0,0.0
5754,402.0,4.0,835.45,0.6377410468319559
5755,402.0,4.0,835.45,0.6377410468319559
5756,436.0,5.0,1094.6,0.6377410468319559
5757,402.0,4.0,835.45,0.6377410468319559
5758,402.0,4.0,835.45,0.6377410468319559
5759,402.0,4.0,835.45,0.6377410468319559
5760,118.0,4.0,499.05,0.6377410468319559
5761,188.0,3.0,501.85,0.6186193485658726
5762,118.0,4.0,499.05,0.6377410468319559
5763,331.0,4.0,751.35,0.6377410468319559
5764,402.0,4.0,835.45,0.6377410468319559
5765,35.0,3.0,329.5,0.5854084517186121
5766,35.0,3.0,329.5,0.5854084517186121
5767,35.0,3.0,329.5,0.5854084517186121
5768,35.0,3.0,329.5,0.5854084517186121
5769,402.0,4.0,835.45,0.6377410468319559
5770,18.0,1.0,171.5,0.48330002340697525
5771,156.0,1.0,260.1,0.4395559876843299
5772,18.0,1.0,171.5,0.48330002340697525
5773,100.0,1.0,259.75,0.5165109202542357
5774,402.0,4.0,835.45,0.6377410468319559
5775,71.0,0.0,84.1,0.34227299735321126
5776,223.0,1.0,328.3,0.3978285529087668
5777,71.0,0.0,84.1,0.34227299735321126
5778,86.0,0.0,167.85,0.4192279299231171
5779,402.0,4.0,835.45,0.6377410468319559
5780,71.0,0.0,84.1,0.3203064513224941
5781,223.0,1.0,328.3,0.3978285529087668
5782,71.0,0.0,84.1,0.3203064513224941
5783,142.0,0.0,168.2,0.34227299735321126
5784,402.0,4.0,835.45,0.6377410468319559
5785,402.0,4.0,835.45,0.6377410468319559
5786,402.0,4.0,835.45,0.6377410468319559
5787,402.0,4.0,835.45,0.6377410468319559
5788,402.0,4.0,835.45,0.6377410468319559
5789,402.0,4.0,835.45,0.6377410468319559
5790,402.0,4.0,835.45,0.6377410468319559
5791,402.0,4.0,835.45,0.6377410468319559
5792,402.0,4.0,835.45,0.6377410468319559
5793,402.0,4.0,835.45,0.6377410468319559
5794,402.0,4.0,835.45,0.6377410468319559
5795,188.0,3.0,501.85,0.6186193485658726
5796,259.0,3.0,585.95,0.6186193485658726
5797,118.0,4.0,499.05,0.6377410468319559
5798,401.0,3.0,754.15,0.6186193485658726
5799,402.0,4.0,835.45,0.6377410468319559
5800,110.0,2.0,335.75,0.5720664758097913
5801,313.0,1.0,512.05,0.5165109202542357
5802,110.0,2.0,335.75,0.5720664758097913
5803,323.0,2.0,588.05,0.5720664758097913
5804,402.0,4.0,835.45,0.6377410468319559
5805,156.0,1.0,260.1,0.4395559876843299
5806,385.0,0.0,588.0,0.4192279299231171
5807,156.0,1.0,260.1,0.4395559876843299
5808,313.0,1.0,512.05,0.5165109202542357
5809,402.0,4.0,835.45,0.6377410468319559
5810,142.0,0.0,168.2,0.34227299735321126
5811,414.0,1.0,763.65,0.5165109202542357
5812,142.0,0.0,168.2,0.34227299735321126
5813,187.0,0.0,419.45,0.4145735429157889
5814,402.0,4.0,835.45,0.6377410468319559
5815,402.0,4.0,835.45,0.6377410468319559
5816,402.0,4.0,835.45,0.6377410468319559
5817,402.0,4.0,835.45,0.6377410468319559
5818,402.0,4.0,835.45,0.6377410468319559
5819,402.0,4.0,835.45,0.6377410468319559
5820,402.0,4.0,835.45,0.6377410468319559
5821,402.0,4.0,835.45,0.6377410468319559
5822,402.0,4.0,835.45,0.6377410468319559
5823,402.0,4.0,835.45,0.6377410468319559
5824,402.0,4.0,835.45,0.6377410468319559
5825,401.0,3.0,754.15,0.6186193485658726
5826,425.0,3.0,920.95,0.5911881740758747
5827,402.0,4.0,835.45,0.6377410468319559
5828,401.0,3.0,754.15,0.6186193485658726
5829,402.0,4.0,835.45,0.6377410468319559
5830,323.0,2.0,588.05,0.5720664758097913
5831,431.0,3.0,921.65,0.6186193485658726
5832,118.0,4.0,499.05,0.6377410468319559
5833,394.0,2.0,672.15,0.5720664758097913
5834,402.0,4.0,835.45,0.6377410468319559
5835,242.0,1.0,427.95,0.5165109202542357
5836,437.0,6.0,1175.9,0.6377410468319559
5837,170.0,2.0,415.7,0.5388555789625308
5838,384.0,1.0,596.15,0.5165109202542357
5839,402.0,4.0,835.45,0.6377410468319559
5840,172.0,0.0,335.7,0.4192279299231171
5841,438.0,7.0,1261.65,0.6377410468319559
5842,223.0,1.0,328.3,0.3978285529087668
5843,400.0,0.0,671.75,0.4145735429157889
5844,402.0,4.0,835.45,0.6377410468319559
5845,402.0,4.0,835.45,0.6377410468319559
5846,403.0,4.0,839.35,0.6377410468319559
5847,402.0,4.0,835.45,0.6377410468319559
5848,402.0,4.0,835.45,0.6377410468319559
5849,402.0,4.0,835.45,0.6377410468319559
5850,402.0,4.0,835.45,0.6377410468319559
5851,437.0,6.0,1175.9,0.6377410468319559
5852,402.0,4.0,835.45,0.6377410468319559
5853,402.0,4.0,835.45,0.6377410468319559
5854,402.0,4.0,835.45,0.6377410468319559
5855,401.0,3.0,754.15,0.6186193485658726
5856,438.0,7.0,1261.65,0.6377410468319559
5857,402.0,4.0,835.45,0.6377410468319559
5858,401.0,3.0,754.15,0.6186193485658726
5859,402.0,4.0,835.45,0.6377410468319559
5860,394.0,2.0,672.15,0.5720664758097913
5861,440.0,9.0,1428.25,0.6377410468319559
5862,326.0,5.0,845.7,0.6377410468319559
5863,394.0,2.0,672.15,0.5720664758097913
5864,402.0,4.0,835.45,0.6377410468319559
5865,384.0,1.0,596.15,0.5165109202542357
5866,441.0,10.0,1506.95,0.5997497254181746
5867,188.0,3.0,501.85,0.6186193485658726
5868,384.0,1.0,596.15,0.5165109202542357
5869,402.0,4.0,835.45,0.6377410468319559
5870,329.0,0.0,587.65,0.4145735429157889
5871,440.0,9.0,1428.25,0.6377410468319559
5872,242.0,1.0,427.95,0.5165109202542357
5873,400.0,0.0,671.75,0.4145735429157889
5874,402.0,4.0,835.45,0.6377410468319559
5875,402.0,4.0,835.45,0.6377410468319559
5876,441.0,10.0,1506.95,0.5997497254181746
5877,402.0,4.0,835.45,0.6377410468319559
5878,402.0,4.0,835.45,0.6377410468319559
5879,402.0,4.0,835.45,0.6377410468319559
5880,402.0,4.0,835.45,0.6377410468319559
5881,441.0,10.0,1506.95,0.5997497254181746
5882,402.0,4.0,835.45,0.6377410468319559
5883,402.0,4.0,835.45,0.6377410468319559
5884,402.0,4.0,835.45,0.6377410468319559
5885,401.0,3.0,754.15,0.6186193485658726
5886,441.0,10.0,1506.95,0.5997497254181746
5887,402.0,4.0,835.45,0.6377410468319559
5888,401.0,3.0,754.15,0.6186193485658726
5889,402.0,4.0,835.45,0.6377410468319559
5890,394.0,2.0,672.15,0.5720664758097913
5891,441.0,10.0,1506.95,0.5997497254181746
5892,403.0,4.0,839.35,0.6377410468319559
5893,394.0,2.0,672.15,0.5720664758097913
5894,402.0,4.0,835.45,0.6377410468319559
5895,384.0,1.0,596.15,0.5165109202542357
5896,441.0,10.0,1506.95,0.5997497254181746
5897,403.0,4.0,839.35,0.6377410468319559
5898,384.0,1.0,596.15,0.5165109202542357
5899,402.0,4.0,835.45,0.6377410468319559
5900,400.0,0.0,671.75,0.4145735429157889
5901,441.0,10.0,1506.95,0.5997497254181746
5902,259.0,3.0,585.95,0.6186193485658726
5903,400.0,0.0,671.75,0.4145735429157889
5904,402.0,4.0,835.45,0.6377410468319559
5905,118.0,4.0,499.05,0.6377410468319559
5906,323.0,2.0,588.05,0.5720664758097913
5907,118.0,4.0,499.05,0.6377410468319559
5908,402.0,4.0,835.45,0.6377410468319559
5909,402.0,4.0,835.45,0.6377410468319559
5910,35.0,3.0,329.5,0.5854084517186121
5911,242.0,1.0,427.95,0.5165109202542357
5912,35.0,3.0,329.5,0.5854084517186121
5913,118.0,4.0,499.05,0.6377410468319559
5914,402.0,4.0,835.45,0.6377410468319559
5915,18.0,1.0,171.5,0.48330002340697525
5916,100.0,1.0,259.75,0.5165109202542357
5917,18.0,1.0,171.5,0.48330002340697525
5918,28.0,2.0,247.5,0.5388555789625308
5919,402.0,4.0,835.45,0.6377410468319559
5920,1.0,1.0,85.3,0.35311222744377824
5921,71.0,0.0,84.1,0.34227299735321126
5922,1.0,1.0,85.3,0.35311222744377824
5923,3.0,1.0,87.75,0.40634509083706943
5924,402.0,4.0,835.45,0.6377410468319559
5925,71.0,0.0,84.1,0.34227299735321126
5926,71.0,0.0,84.1,0.34227299735321126
5927,71.0,0.0,84.1,0.34227299735321126
5928,71.0,0.0,84.1,0.34227299735321126
5929,402.0,4.0,835.45,0.6377410468319559
5930,0.0,0.0,0.0,0.0
5931,0.0,0.0,0.0,0.0
5932,0.0,0.0,0.0,0.0
5933,0.0,0.0,0.0,0.0
5934,402.0,4.0,835.45,0.6377410468319559
5935,402.0,4.0,835.45,0.6377410468319559
5936,436.0,5.0,1094.6,0.6377410468319559
5937,402.0,4.0,835.45,0.6377410468319559
5938,402.0,4.0,835.45,0.6377410468319559
5939,402.0,4.0,835.45,0.6377410468319559
5940,118.0,4.0,499.05,0.6377410468319559
5941,188.0,3.0,501.85,0.6186193485658726
5942,118.0,4.0,499.05,0.6377410468319559
5943,331.0,4.0,751.35,0.6377410468319559
5944,402.0,4.0,835.45,0.6377410468319559
5945,35.0,3.0,329.5,0.5854084517186121
5946,35.0,3.0,329.5,0.5854084517186121
5947,35.0,3.0,329.5,0.5854084517186121
5948,35.0,3.0,329.5,0.5854084517186121
5949,402.0,4.0,835.45,0.6377410468319559
5950,18.0,1.0,171.5,0.48330002340697525
5951,156.0,1.0,260.1,0.4395559876843299
5952,18.0,1.0,171.5,0.48330002340697525
5953,100.0,1.0,259.75,0.5165109202542357
5954,402.0,4.0,835.45,0.6377410468319559
5955,71.0,0.0,84.1,0.34227299735321126
5956,223.0,1.0,328.3,0.3978285529087668
5957,71.0,0.0,84.1,0.34227299735321126
5958,86.0,0.0,167.85,0.4192279299231171
5959,402.0,4.0,835.45,0.6377410468319559
5960,71.0,0.0,84.1,0.3203064513224941
5961,223.0,1.0,328.3,0.3978285529087668
5962,71.0,0.0,84.1,0.3203064513224941
5963,142.0,0.0,168.2,0.34227299735321126
5964,402.0,4.0,835.45,0.6377410468319559
5965,402.0,4.0,835.45,0.6377410468319559
5966,402.0,4.0,835.45,0.6377410468319559
5967,402.0,4.0,835.45,0.6377410468319559
5968,402.0,4.0,835.45,0.6377410468319559
5969,402.0,4.0,835.45,0.6377410468319559
5970,402.0,4.0,835.45,0.6377410468319559
5971,402.0,4.0,835.45,0.6377410468319559
5972,402.0,4.0,835.45,0.6377410468319559
5973,402.0,4.0,835.45,0.6377410468319559
5974,402.0,4.0,835.45,0.6377410468319559
5975,118.0,4.0,499.05,0.6377410468319559
5976,188.0,3.0,501.85,0.6186193485658726
5977,118.0,4.0,499.05,0.6377410468319559
5978,260.0,4.0,667.25,0.6377410468319559
5979,402.0,4.0,835.45,0.6377410468319559
5980,110.0,2.0,335.75,0.5720664758097913
5981,313.0,1.0,512.05,0.5165109202542357
5982,110.0,2.0,335.75,0.5720664758097913
5983,188.0,3.0,501.85,0.6186193485658726
5984,402.0,4.0,835.45,0.6377410468319559
5985,156.0,1.0,260.1,0.4395559876843299
5986,385.0,0.0,588.0,0.4192279299231171
5987,156.0,1.0,260.1,0.4395559876843299
5988,181.0,2.0,419.85,0.5720664758097913
5989,402.0,4.0,835.45,0.6377410468319559
5990,142.0,0.0,168.2,0.34227299735321126
5991,414.0,1.0,763.65,0.5165109202542357
5992,142.0,0.0,168.2,0.34227299735321126
5993,227.0,1.0,344.2,0.4395559876843299
5994,402.0,4.0,835.45,0.6377410468319559
5995,402.0,4.0,835.45,0.6377410468319559
5996,402.0,4.0,835.45,0.6377410468319559
5997,402.0,4.0,835.45,0.6377410468319559
5998,402.0,4.0,835.45,0.6377410468319559
5999,402.0,4.0,835.45,0.6377410468319559
6000,402.0,4.0,835.45,0.6377410468319559
6001,402.0,4.0,835.45,0.6377410468319559
6002,402.0,4.0,835.45,0.6377410468319559
6003,402.0,4.0,835.45,0.6377410468319559
6004,402.0,4.0,835.45,0.6377410468319559
6005,402.0,4.0,835.45,0.6377410468319559
6006,416.0,3.0,837.9,0.6186193485658726
6007,402.0,4.0,835.45,0.6377410468319559
6008,402.0,4.0,835.45,0.6377410468319559
6009,402.0,4.0,835.45,0.6377410468319559
6010,188.0,3.0,501.85,0.6186193485658726
6011,431.0,3.0,921.65,0.6186193485658726
6012,118.0,4.0,499.05,0.6377410468319559
6013,401.0,3.0,754.15,0.6186193485658726
6014,402.0,4.0,835.45,0.6377410468319559
6015,170.0,2.0,415.7,0.5388555789625308
6016,437.0,6.0,1173.3,0.6377410468319559
6017,170.0,2.0,415.7,0.5388555789625308
6018,394.0,2.0,672.15,0.5720664758097913
6019,402.0,4.0,835.45,0.6377410468319559
6020,223.0,1.0,328.3,0.3978285529087668
6021,441.0,10.0,1506.95,0.5997497254181746
6022,223.0,1.0,328.3,0.3978285529087668
6023,384.0,1.0,596.15,0.5165109202542357
6024,402.0,4.0,835.45,0.6377410468319559
6025,402.0,4.0,835.45,0.6377410468319559
6026,394.0,4.0,842.05,0.6377410468319559
6027,402.0,4.0,835.45,0.6377410468319559
6028,402.0,4.0,835.45,0.6377410468319559
6029,402.0,4.0,835.45,0.6377410468319559
6030,402.0,4.0,835.45,0.6377410468319559
6031,439.0,8.0,1346.95,0.6377410468319559
6032,402.0,4.0,835.45,0.6377410468319559
6033,402.0,4.0,835.45,0.6377410468319559
6034,402.0,4.0,835.45,0.6377410468319559
6035,402.0,4.0,835.45,0.6377410468319559
6036,439.0,8.0,1346.95,0.6377410468319559
6037,402.0,4.0,835.45,0.6377410468319559
6038,402.0,4.0,835.45,0.6377410468319559
6039,402.0,4.0,835.45,0.6377410468319559
6040,401.0,3.0,754.15,0.6186193485658726
6041,440.0,9.0,1428.25,0.6377410468319559
6042,326.0,5.0,845.7,0.6377410468319559
6043,401.0,3.0,754.15,0.6186193485658726
6044,402.0,4.0,835.45,0.6377410468319559
6045,323.0,2.0,588.05,0.5720664758097913
6046,441.0,10.0,1506.95,0.5997497254181746
6047,188.0,3.0,501.85,0.6186193485658726
6048,394.0,2.0,672.15,0.5720664758097913
6049,402.0,4.0,835.45,0.6377410468319559
6050,242.0,1.0,427.95,0.5165109202542357
6051,441.0,10.0,1506.95,0.5997497254181746
6052,242.0,1.0,427.95,0.5165109202542357
6053,384.0,1.0,596.15,0.5165109202542357
6054,402.0,4.0,835.45,0.6377410468319559
6055,402.0,4.0,835.45,0.6377410468319559
6056,441.0,10.0,1506.95,0.5997497254181746
6057,402.0,4.0,835.45,0.6377410468319559
6058,402.0,4.0,835.45,0.6377410468319559
6059,402.0,4.0,835.45,0.6377410468319559
6060,402.0,4.0,835.45,0.6377410468319559
6061,441.0,10.0,1506.95,0.5997497254181746
6062,402.0,4.0,835.45,0.6377410468319559
6063,402.0,4.0,835.45,0.6377410468319559
6064,402.0,4.0,835.45,0.6377410468319559
6065,402.0,4.0,835.45,0.6377410468319559
6066,441.0,10.0,1506.95,0.5997497254181746
6067,402.0,4.0,835.45,0.6377410468319559
6068,402.0,4.0,835.45,0.6377410468319559
6069,402.0,4.0,835.45,0.6377410468319559
6070,401.0,3.0,754.15,0.6186193485658726
6071,441.0,10.0,1506.95,0.5997497254181746
6072,403.0,4.0,839.35,0.6377410468319559
6073,401.0,3.0,754.15,0.6186193485658726
6074,402.0,4.0,835.45,0.6377410468319559
6075,394.0,2.0,672.15,0.5720664758097913
6076,441.0,10.0,1506.95,0.5997497254181746
6077,403.0,4.0,839.35,0.6377410468319559
6078,394.0,2.0,672.15,0.5720664758097913
6079,402.0,4.0,835.45,0.6377410468319559
6080,384.0,1.0,596.15,0.5165109202542357
6081,441.0,10.0,1506.95,0.5997497254181746
6082,259.0,3.0,585.95,0.6186193485658726
6083,384.0,1.0,596.15,0.5165109202542357
6084,402.0,4.0,835.45,0.6377410468319559
6085,118.0,4.0,499.05,0.6377410468319559
6086,323.0,2.0,588.05,0.5720664758097913
6087,118.0,4.0,499.05,0.6377410468319559
6088,402.0,4.0,835.45,0.6377410468319559
6089,402.0,4.0,835.45,0.6377410468319559
6090,35.0,3.0,329.5,0.5854084517186121
6091,242.0,1.0,427.95,0.5165109202542357
6092,35.0,3.0,329.5,0.5854084517186121
6093,118.0,4.0,499.05,0.6377410468319559
6094,402.0,4.0,835.45,0.6377410468319559
6095,18.0,1.0,171.5,0.48330002340697525
6096,100.0,1.0,259.75,0.5165109202542357
6097,18.0,1.0,171.5,0.48330002340697525
6098,28.0,2.0,247.5,0.5388555789625308
6099,402.0,4.0,835.45,0.6377410468319559
6100,1.0,1.0,85.3,0.35311222744377824
6101,71.0,0.0,84.1,0.34227299735321126
6102,1.0,1.0,85.3,0.35311222744377824
6103,3.0,1.0,87.75,0.40634509083706943
6104,402.0,4.0,835.45,0.6377410468319559
6105,71.0,0.0,84.1,0.34227299735321126
6106,71.0,0.0,84.1,0.34227299735321126
6107,71.0,0.0,84.1,0.34227299735321126
6108,71.0,0.0,84.1,0.34227299735321126
6109,402.0,4.0,835.45,0.6377410468319559
6110,0.0,0.0,0.0,0.0
6111,0.0,0.0,0.0,0.0
6112,0.0,0.0,0.0,0.0
6113,0.0,0.0,0.0,0.0
6114,402.0,4.0,835.45,0.6377410468319559
6115,402.0,4.0,835.45,0.6377410468319559
6116,436.0,5.0,1094.6,0.6377410468319559
6117,402.0,4.0,835.45,0.6377410468319559
6118,402.0,4.0,835.45,0.6377410468319559
6119,402.0,4.0,835.45,0.6377410468319559
6120,118.0,4.0,499.05,0.6377410468319559
6121,188.0,3.0,501.85,0.6186193485658726
6122,118.0,4.0,499.05,0.6377410468319559
6123,331.0,4.0,751.35,0.6377410468319559
6124,402.0,4.0,835.45,0.6377410468319559
6125,35.0,3.0,329.5,0.5854084517186121
6126,35.0,3.0,329.5,0.5854084517186121
6127,35.0,3.0,329.5,0.5854084517186121
6128,35.0,3.0,329.5,0.5854084517186121
6129,402.0,4.0,835.45,0.6377410468319559
6130,18.0,1.0,171.5,0.48330002340697525
6131,156.0,1.0,260.1,0.4395559876843299
6132,18.0,1.0,171.5,0.48330002340697525
6133,100.0,1.0,259.75,0.5165109202542357
6134,402.0,4.0,835.45,0.6377410468319559
6135,71.0,0.0,84.1,0.34227299735321126
6136,223.0,1.0,328.3,0.3978285529087668
6137,71.0,0.0,84.1,0.34227299735321126
6138,86.0,0.0,167.85,0.4192279299231171
6139,402.0,4.0,835.45,0.6377410468319559
6140,71.0,0.0,84.1,0.3203064513224941
6141,223.0,1.0,328.3,0.3978285529087668
6142,71.0,0.0,84.1,0.3203064513224941
6143,142.0,0.0,168.2,0.34227299735321126
6144,402.0,4.0,835.45,0.6377410468319559
6145,402.0,4.0,835.45,0.6377410468319559
6146,402.0,4.0,835.45,0.6377410468319559
6147,402.0,4.0,835.45,0.6377410468319559
6148,402.0,4.0,835.45,0.6377410468319559
6149,402.0,4.0,835.45,0.6377410468319559
6150,402.0,4.0,835.45,0.6377410468319559
6151,402.0,4.0,835.45,0.6377410468319559
6152,402.0,4.0,835.45,0.6377410468319559
6153,402.0,4.0,835.45,0.6377410468319559
6154,402.0,4.0,835.45,0.6377410468319559
6155,118.0,4.0,499.05,0.6377410468319559
6156,188.0,3.0,501.85,0.6186193485658726
6157,118.0,4.0,499.05,0.6377410468319559
6158,260.0,4.0,667.25,0.6377410468319559
6159,402.0,4.0,835.45,0.6377410468319559
6160,110.0,2.0,335.75,0.5720664758097913
6161,313.0,1.0,512.05,0.5165109202542357
6162,110.0,2.0,335.75,0.5720664758097913
6163,118.0,4.0,499.05,0.6377410468319559
6164,402.0,4.0,835.45,0.6377410468319559
6165,156.0,1.0,260.1,0.4395559876843299
6166,385.0,0.0,588.0,0.4192279299231171
6167,156.0,1.0,260.1,0.4395559876843299
6168,181.0,2.0,419.85,0.5720664758097913
6169,402.0,4.0,835.45,0.6377410468319559
6170,142.0,0.0,168.2,0.34227299735321126
6171,414.0,1.0,763.65,0.5165109202542357
6172,142.0,0.0,168.2,0.34227299735321126
6173,227.0,1.0,344.2,0.4395559876843299
6174,402.0,4.0,835.45,0.6377410468319559
6175,402.0,4.0,835.45,0.6377410468319559
6176,402.0,4.0,835.45,0.6377410468319559
6177,402.0,4.0,835.45,0.6377410468319559
6178,402.0,4.0,835.45,0.6377410468319559
6179,402.0,4.0,835.45,0.6377410468319559
6180,402.0,4.0,835.45,0.6377410468319559
6181,402.0,4.0,835.45,0.6377410468319559
6182,402.0,4.0,835.45,0.6377410468319559
6183,402.0,4.0,835.45,0.6377410468319559
6184,402.0,4.0,835.45,0.6377410468319559
6185,402.0,4.0,835.45,0.6377410468319559
6186,416.0,3.0,837.9,0.6186193485658726
6187,402.0,4.0,835.45,0.6377410468319559
6188,402.0,4.0,835.45,0.6377410468319559
6189,402.0,4.0,835.45,0.6377410468319559
6190,118.0,4.0,499.05,0.6377410468319559
6191,424.0,2.0,839.65,0.5720664758097913
6192,118.0,4.0,499.05,0.6377410468319559
6193,403.0,4.0,839.35,0.6377410468319559
6194,402.0,4.0,835.45,0.6377410468319559
6195,170.0,2.0,415.7,0.5388555789625308
6196,437.0,6.0,1173.3,0.6377410468319559
6197,170.0,2.0,415.7,0.5388555789625308
6198,401.0,3.0,754.15,0.6186193485658726
6199,402.0,4.0,835.45,0.6377410468319559
6200,223.0,1.0,328.3,0.3978285529087668
6201,441.0,10.0,1506.95,0.5997497254181746
6202,223.0,1.0,328.3,0.3978285529087668
6203,323.0,2.0,588.05,0.5720664758097913
6204,402.0,4.0,835.45,0.6377410468319559
6205,402.0,4.0,835.45,0.6377410468319559
6206,403.0,4.0,839.35,0.6377410468319559
6207,402.0,4.0,835.45,0.6377410468319559
6208,402.0,4.0,835.45,0.6377410468319559
6209,402.0,4.0,835.45,0.6377410468319559
6210,402.0,4.0,835.45,0.6377410468319559
6211,441.0,10.0,1506.95,0.5997497254181746
6212,402.0,4.0,835.45,0.6377410468319559
6213,402.0,4.0,835.45,0.6377410468319559
6214,402.0,4.0,835.45,0.6377410468319559
6215,402.0,4.0,835.45,0.6377410468319559
6216,441.0,10.0,1506.95,0.5997497254181746
6217,402.0,4.0,835.45,0.6377410468319559
6218,402.0,4.0,835.45,0.6377410468319559
6219,402.0,4.0,835.45,0.6377410468319559
6220,326.0,5.0,845.7,0.6377410468319559
6221,439.0,8.0,1342.95,0.6377410468319559
6222,326.0,5.0,845.7,0.6377410468319559
6223,403.0,4.0,839.35,0.6377410468319559
6224,402.0,4.0,835.45,0.6377410468319559
6225,188.0,3.0,501.85,0.6186193485658726
6226,441.0,10.0,1506.95,0.5997497254181746
6227,188.0,3.0,501.85,0.6186193485658726
6228,401.0,3.0,754.15,0.6186193485658726
6229,402.0,4.0,835.45,0.6377410468319559
6230,242.0,1.0,427.95,0.5165109202542357
6231,441.0,10.0,1506.95,0.5997497254181746
6232,242.0,1.0,427.95,0.5165109202542357
6233,394.0,2.0,672.15,0.5720664758097913
6234,402.0,4.0,835.45,0.6377410468319559
6235,402.0,4.0,835.45,0.6377410468319559
6236,441.0,10.0,1506.95,0.5997497254181746
6237,402.0,4.0,835.45,0.6377410468319559
6238,402.0,4.0,835.45,0.6377410468319559
6239,402.0,4.0,835.45,0.6377410468319559
6240,402.0,4.0,835.45,0.6377410468319559
6241,441.0,10.0,1506.95,0.5997497254181746
6242,402.0,4.0,835.45,0.6377410468319559
6243,402.0,4.0,835.45,0.6377410468319559
6244,402.0,4.0,835.45,0.6377410468319559
6245,402.0,4.0,835.45,0.6377410468319559
6246,441.0,10.0,1506.95,0.5997497254181746
6247,402.0,4.0,835.45,0.6377410468319559
6248,402.0,4.0,835.45,0.6377410468319559
6249,402.0,4.0,835.45,0.6377410468319559
6250,403.0,4.0,839.35,0.6377410468319559
6251,441.0,10.0,1506.95,0.5997497254181746
6252,403.0,4.0,839.35,0.6377410468319559
6253,403.0,4.0,839.35,0.6377410468319559
6254,402.0,4.0,835.45,0.6377410468319559
6255,401.0,3.0,754.15,0.6186193485658726
6256,441.0,10.0,1506.95,0.5997497254181746
6257,403.0,4.0,839.35,0.6377410468319559
6258,401.0,3.0,754.15,0.6186193485658726
6259,402.0,4.0,835.45,0.6377410468319559
6260,323.0,2.0,588.05,0.5720664758097913
6261,441.0,10.0,1506.95,0.5997497254181746
6262,259.0,3.0,585.95,0.6186193485658726
6263,394.0,2.0,672.15,0.5720664758097913
6264,402.0,4.0,835.45,0.6377410468319559
6265,118.0,4.0,499.05,0.6377410468319559
6266,323.0,2.0,588.05,0.5720664758097913
6267,118.0,4.0,499.05,0.6377410468319559
6268,402.0,4.0,835.45,0.6377410468319559
6269,402.0,4.0,835.45,0.6377410468319559
6270,35.0,3.0,329.5,0.5854084517186121
6271,242.0,1.0,427.95,0.5165109202542357
6272,35.0,3.0,329.5,0.5854084517186121
6273,118.0,4.0,499.05,0.6377410468319559
6274,402.0,4.0,835.45,0.6377410468319559
6275,18.0,1.0,171.5,0.48330002340697525
6276,100.0,1.0,259.75,0.5165109202542357
6277,18.0,1.0,171.5,0.48330002340697525
6278,28.0,2.0,247.5,0.5388555789625308
6279,402.0,4.0,835.45,0.6377410468319559
6280,1.0,1.0,85.3,0.35311222744377824
6281,71.0,0.0,84.1,0.34227299735321126
6282,1.0,1.0,85.3,0.35311222744377824
6283,3.0,1.0,87.75,0.40634509083706943
6284,402.0,4.0,835.45,0.6377410468319559
6285,71.0,0.0,84.1,0.34227299735321126
6286,71.0,0.0,84.1,0.34227299735321126
6287,71.0,0.0,84.1,0.34227299735321126
6288,71.0,0.0,84.1,0.34227299735321126
6289,402.0,4.0,835.45,0.6377410468319559
6290,0.0,0.0,0.0,0.0
6291,0.0,0.0,0.0,0.0
6292,0.0,0.0,0.0,0.0
6293,0.0,0.0,0.0,0.0
6294,402.0,4.0,835.45,0.6377410468319559
6295,402.0,4.0,835.45,0.6377410468319559
6296,436.0,5.0,1094.6,0.6377410468319559
6297,402.0,4.0,835.45,0.6377410468319559
6298,402.0,4.0,835.45,0.6377410468319559
6299,402.0,4.0,835.45,0.6377410468319559
6300,118.0,4.0,499.05,0.6377410468319559
6301,188.0,3.0,501.85,0.6186193485658726
6302,118.0,4.0,499.05,0.6377410468319559
6303,331.0,4.0,751.35,0.6377410468319559
6304,402.0,4.0,835.45,0.6377410468319559
6305,35.0,3.0,329.5,0.5854084517186121
6306,40.0,3.0,336.95,0.5829057059003583
6307,35.0,3.0,329.5,0.5854084517186121
6308,35.0,3.0,329.5,0.5854084517186121
6309,402.0,4.0,835.45,0.6377410468319559
6310,18.0,1.0,171.5,0.48330002340697525
6311,156.0,1.0,260.1,0.4395559876843299
6312,18.0,1.0,171.5,0.48330002340697525
6313,100.0,1.0,259.75,0.5165109202542357
6314,402.0,4.0,835.45,0.6377410468319559
6315,71.0,0.0,84.1,0.34227299735321126
6316,223.0,1.0,328.3,0.3978285529087668
6317,71.0,0.0,84.1,0.34227299735321126
6318,86.0,0.0,167.85,0.4192279299231171
6319,402.0,4.0,835.45,0.6377410468319559
6320,71.0,0.0,84.1,0.3203064513224941
6321,223.0,1.0,328.3,0.3978285529087668
6322,71.0,0.0,84.1,0.3203064513224941
6323,142.0,0.0,168.2,0.34227299735321126
6324,402.0,4.0,835.45,0.6377410468319559
6325,402.0,4.0,835.45,0.6377410468319559
6326,402.0,4.0,835.45,0.6377410468319559
6327,402.0,4.0,835.45,0.6377410468319559
6328,402.0,4.0,835.45,0.6377410468319559
6329,402.0,4.0,835.45,0.6377410468319559
6330,402.0,4.0,835.45,0.6377410468319559
6331,402.0,4.0,835.45,0.6377410468319559
6332,402.0,4.0,835.45,0.6377410468319559
6333,402.0,4.0,835.45,0.6377410468319559
6334,402.0,4.0,835.45,0.6377410468319559
6335,118.0,4.0,499.05,0.6377410468319559
6336,188.0,3.0,501.85,0.6186193485658726
6337,118.0,4.0,499.05,0.6377410468319559
6338,260.0,4.0,667.25,0.6377410468319559
6339,402.0,4.0,835.45,0.6377410468319559
6340,110.0,2.0,335.75,0.5720664758097913
6341,313.0,1.0,512.05,0.5165109202542357
6342,110.0,2.0,335.75,0.5720664758097913
6343,118.0,4.0,499.05,0.6377410468319559
6344,402.0,4.0,835.45,0.6377410468319559
6345,156.0,1.0,260.1,0.4395559876843299
6346,385.0,0.0,588.0,0.4192279299231171
6347,156.0,1.0,260.1,0.4395559876843299
6348,181.0,2.0,419.85,0.5720664758097913
6349,402.0,4.0,835.45,0.6377410468319559
6350,142.0,0.0,168.2,0.34227299735321126
6351,414.0,1.0,763.65,0.5165109202542357
6352,142.0,0.0,168.2,0.34227299735321126
6353,227.0,1.0,344.2,0.4395559876843299
6354,402.0,4.0,835.45,0.6377410468319559
6355,402.0,4.0,835.45,0.6377410468319559
6356,402.0,4.0,835.45,0.6377410468319559
6357,402.0,4.0,835.45,0.6377410468319559
6358,402.0,4.0,835.45,0.6377410468319559
6359,402.0,4.0,835.45,0.6377410468319559
6360,402.0,4.0,835.45,0.6377410468319559
6361,402.0,4.0,835.45,0.6377410468319559
6362,402.0,4.0,835.45,0.6377410468319559
6363,402.0,4.0,835.45,0.6377410468319559
6364,402.0,4.0,835.45,0.6377410468319559
6365,402.0,4.0,835.45,0.6377410468319559
6366,416.0,3.0,837.9,0.6186193485658726
6367,402.0,4.0,835.45,0.6377410468319559
6368,402.0,4.0,835.45,0.6377410468319559
6369,402.0,4.0,835.45,0.6377410468319559
6370,118.0,4.0,499.05,0.6377410468319559
6371,424.0,2.0,839.65,0.5720664758097913
6372,118.0,4.0,499.05,0.6377410468319559
6373,403.0,4.0,839.35,0.6377410468319559
6374,402.0,4.0,835.45,0.6377410468319559
6375,170.0,2.0,415.7,0.5388555789625308
6376,437.0,6.0,1173.3,0.6377410468319559
6377,170.0,2.0,415.7,0.5388555789625308
6378,331.0,4.0,751.35,0.6377410468319559
6379,402.0,4.0,835.45,0.6377410468319559
6380,223.0,1.0,328.3,0.3978285529087668
6381,441.0,10.0,1506.95,0.5997497254181746
6382,223.0,1.0,328.3,0.3978285529087668
6383,259.0,3.0,585.95,0.6186193485658726
6384,402.0,4.0,835.45,0.6377410468319559
6385,402.0,4.0,835.45,0.6377410468319559
6386,403.0,4.0,839.35,0.6377410468319559
6387,402.0,4.0,835.45,0.6377410468319559
6388,402.0,4.0,835.45,0.6377410468319559
6389,402.0,4.0,835.45,0.6377410468319559
6390,402.0,4.0,835.45,0.6377410468319559
6391,441.0,10.0,1506.95,0.5997497254181746
6392,402.0,4.0,835.45,0.6377410468319559
6393,402.0,4.0,835.45,0.6377410468319559
6394,402.0,4.0,835.45,0.6377410468319559
6395,402.0,4.0,835.45,0.6377410468319559
6396,441.0,10.0,1506.95,0.5997497254181746
6397,402.0,4.0,835.45,0.6377410468319559
6398,402.0,4.0,835.45,0.6377410468319559
6399,402.0,4.0,835.45,0.6377410468319559
6400,326.0,5.0,845.7,0.6377410468319559
6401,439.0,8.0,1342.95,0.6377410468319559
6402,326.0,5.0,845.7,0.6377410468319559
6403,403.0,4.0,839.35,0.6377410468319559
6404,402.0,4.0,835.45,0.6377410468319559
6405,188.0,3.0,501.85,0.6186193485658726
6406,441.0,10.0,1506.95,0.5997497254181746
6407,188.0,3.0,501.85,0.6186193485658726
6408,403.0,4.0,839.35,0.6377410468319559
6409,402.0,4.0,835.45,0.6377410468319559
6410,242.0,1.0,427.95,0.5165109202542357
6411,441.0,10.0,1506.95,0.5997497254181746
6412,242.0,1.0,427.95,0.5165109202542357
6413,401.0,3.0,754.15,0.6186193485658726
6414,402.0,4.0,835.45,0.6377410468319559
6415,402.0,4.0,835.45,0.6377410468319559
6416,441.0,10.0,1506.95,0.5997497254181746
6417,402.0,4.0,835.45,0.6377410468319559
6418,402.0,4.0,835.45,0.6377410468319559
6419,402.0,4.0,835.45,0.6377410468319559
6420,402.0,4.0,835.45,0.6377410468319559
6421,441.0,10.0,1506.95,0.5997497254181746
6422,402.0,4.0,835.45,0.6377410468319559
6423,402.0,4.0,835.45,0.6377410468319559
6424,402.0,4.0,835.45,0.6377410468319559
6425,402.0,4.0,835.45,0.6377410468319559
6426,441.0,10.0,1506.95,0.5997497254181746
6427,402.0,4.0,835.45,0.6377410468319559
6428,402.0,4.0,835.45,0.6377410468319559
6429,402.0,4.0,835.45,0.6377410468319559
6430,403.0,4.0,839.35,0.6377410468319559
6431,441.0,10.0,1506.95,0.5997497254181746
6432,403.0,4.0,839.35,0.6377410468319559
6433,403.0,4.0,839.35,0.6377410468319559
6434,402.0,4.0,835.45,0.6377410468319559
6435,403.0,4.0,839.35,0.6377410468319559
6436,441.0,10.0,1506.95,0.5997497254181746
6437,403.0,4.0,839.35,0.6377410468319559
6438,403.0,4.0,839.35,0.6377410468319559
6439,402.0,4.0,835.45,0.6377410468319559
6440,259.0,3.0,585.95,0.6186193485658726
6441,441.0,10.0,1506.95,0.5997497254181746
6442,259.0,3.0,585.95,0.6186193485658726
6443,401.0,3.0,754.15,0.6186193485658726
6444,402.0,4.0,835.45,0.6377410468319559
